lead_id,contact_id,campaign_id,campaign_name,lead_channel,lead_status,lead_status_previous,lead_score,estimated_value_eur,close_probability,assigned_to,contact_segment,contact_city,contact_country,created_at,status_changed_at,updated_at,_load_ts,_source_system
LED-14165,CON-10045,CMP-2001,Neujahrsangebote – Elektronik & Gadgets,Google Ads,Prospect,Prospect,28,441.99,0.05,a.mueller@shopnow.de,Loyal,Mannheim,DE,2024-01-05T07:35:00,2024-01-09T03:49:00,2024-01-09T03:49:00,2024-12-31T06:30:00,crm_salesforce
LED-10851,CON-11326,CMP-2001,Neujahrsangebote – Elektronik & Gadgets,Google Ads,Customer,Opportunity,78,772.19,0.84,a.mueller@shopnow.de,Aktiv,Köln,DE,2024-01-13T20:21:00,2024-01-15T07:34:00,2024-01-15T07:34:00,2024-12-31T06:30:00,crm_salesforce
LED-59797,CON-10491,CMP-2001,Neujahrsangebote – Elektronik & Gadgets,Google Ads,MQL,Prospect,44,231.14,0.1,a.mueller@shopnow.de,Loyal,Leipzig,DE,2024-01-11T15:51:00,2024-01-12T13:25:00,2024-01-12T13:25:00,2024-12-31T06:30:00,crm_salesforce
LED-48427,CON-10435,CMP-2001,Neujahrsangebote – Elektronik & Gadgets,Google Ads,Customer,SQL,77,298.13,1.0,a.mueller@shopnow.de,At Risk,Bielefeld,DE,2024-01-11T13:45:00,2024-01-11T22:27:00,2024-01-11T22:27:00,2024-12-31T06:30:00,crm_salesforce
LED-40512,CON-10404,CMP-2001,Neujahrsangebote – Elektronik & Gadgets,Google Ads,Customer,SQL,89,380.93,0.88,a.mueller@shopnow.de,Aktiv,Wuppertal,DE,2024-01-06T21:40:00,2024-01-12T10:03:00,2024-01-12T10:03:00,2024-12-31T06:30:00,crm_salesforce
LED-99593,CON-10251,CMP-2001,Neujahrsangebote – Elektronik & Gadgets,Google Ads,Customer,Opportunity,88,793.19,1.0,a.mueller@shopnow.de,Aktiv,Luzern,CH,2024-01-10T14:10:00,2024-01-14T09:27:00,2024-01-14T09:27:00,2024-12-31T06:30:00,crm_salesforce
LED-38785,CON-11321,CMP-2001,Neujahrsangebote – Elektronik & Gadgets,Google Ads,Customer,Opportunity,86,193.02,1.0,a.mueller@shopnow.de,Loyal,Villach,AT,2024-01-05T08:51:00,2024-01-11T04:08:00,2024-01-11T04:08:00,2024-12-31T06:30:00,crm_salesforce
LED-51245,CON-10186,CMP-2001,Neujahrsangebote – Elektronik & Gadgets,Google Ads,SQL,Prospect,61,634.24,0.23,a.mueller@shopnow.de,Churned,Graz,AT,2024-01-08T21:09:00,2024-01-13T08:24:00,2024-01-13T08:24:00,2024-12-31T06:30:00,crm_salesforce
LED-86622,CON-11217,CMP-2001,Neujahrsangebote – Elektronik & Gadgets,Google Ads,Opportunity,MQL,59,641.26,0.4,a.mueller@shopnow.de,Loyal,Linz,AT,2024-01-07T14:08:00,2024-01-16T12:13:00,2024-01-16T12:13:00,2024-12-31T06:30:00,crm_salesforce
LED-30969,CON-10977,CMP-2001,Neujahrsangebote – Elektronik & Gadgets,Google Ads,Customer,SQL,85,313.42,1.0,a.mueller@shopnow.de,Aktiv,Leipzig,DE,2024-01-11T09:24:00,2024-01-15T06:57:00,2024-01-15T06:57:00,2024-12-31T06:30:00,crm_salesforce
LED-11504,CON-10156,CMP-2001,Neujahrsangebote – Elektronik & Gadgets,Google Ads,Customer,Opportunity,82,432.6,0.81,a.mueller@shopnow.de,At Risk,Berlin,DE,2024-01-12T15:49:00,2024-01-15T02:07:00,2024-01-15T02:07:00,2024-12-31T06:30:00,crm_salesforce
LED-44522,CON-11059,CMP-2001,Neujahrsangebote – Elektronik & Gadgets,Google Ads,Churned,Customer,99,565.32,0.02,a.mueller@shopnow.de,Neukunde,Nürnberg,DE,2024-01-10T10:55:00,2024-01-16T03:48:00,2024-01-16T03:48:00,2024-12-31T06:30:00,crm_salesforce
LED-59009,CON-10757,CMP-2001,Neujahrsangebote – Elektronik & Gadgets,Google Ads,Customer,Opportunity,93,385.94,0.9,a.mueller@shopnow.de,Neukunde,Luzern,CH,2024-01-11T17:31:00,2024-01-12T04:30:00,2024-01-12T04:30:00,2024-12-31T06:30:00,crm_salesforce
LED-79822,CON-11019,CMP-2008,Valentinstag – Schmuck & Accessoires,Meta Ads,Customer,Opportunity,81,315.56,1.0,j.fischer@shopnow.de,Neukunde,Zürich,CH,2024-02-11T22:35:00,2024-02-13T14:08:00,2024-02-13T14:08:00,2024-12-31T06:30:00,crm_salesforce
LED-80686,CON-10143,CMP-2008,Valentinstag – Schmuck & Accessoires,Meta Ads,Customer,Opportunity,82,322.9,0.84,j.fischer@shopnow.de,Churned,Köln,DE,2024-02-12T16:25:00,2024-02-15T10:53:00,2024-02-15T10:53:00,2024-12-31T06:30:00,crm_salesforce
LED-39451,CON-10148,CMP-2008,Valentinstag – Schmuck & Accessoires,Meta Ads,MQL,Prospect,33,271.12,0.11,j.fischer@shopnow.de,Loyal,Hamburg,DE,2024-02-10T14:37:00,2024-02-11T21:41:00,2024-02-11T21:41:00,2024-12-31T06:30:00,crm_salesforce
LED-14117,CON-11313,CMP-2008,Valentinstag – Schmuck & Accessoires,Meta Ads,Customer,Opportunity,91,225.59,1.0,j.fischer@shopnow.de,At Risk,Linz,AT,2024-02-09T14:17:00,2024-02-15T12:30:00,2024-02-15T12:30:00,2024-12-31T06:30:00,crm_salesforce
LED-84847,CON-10872,CMP-2008,Valentinstag – Schmuck & Accessoires,Meta Ads,Customer,Opportunity,81,106.17,0.91,j.fischer@shopnow.de,Neukunde,Frankfurt,DE,2024-02-13T22:51:00,2024-02-15T11:57:00,2024-02-15T11:57:00,2024-12-31T06:30:00,crm_salesforce
LED-63883,CON-10125,CMP-2008,Valentinstag – Schmuck & Accessoires,Meta Ads,Opportunity,SQL,63,312.65,0.41,j.fischer@shopnow.de,Churned,Wien,AT,2024-02-11T10:03:00,2024-02-15T03:54:00,2024-02-15T03:54:00,2024-12-31T06:30:00,crm_salesforce
LED-80292,CON-11361,CMP-2008,Valentinstag – Schmuck & Accessoires,Meta Ads,Opportunity,MQL,73,298.17,0.4,j.fischer@shopnow.de,Neukunde,Zürich,CH,2024-02-03T15:29:00,2024-02-07T00:57:00,2024-02-07T00:57:00,2024-12-31T06:30:00,crm_salesforce
LED-63269,CON-10969,CMP-2015,Cart Abandonment – Reaktivierung Feb–Mär,Email,Opportunity,SQL,81,102.43,0.49,a.mueller@shopnow.de,Churned,Dornbirn,AT,2024-03-15T08:10:00,2024-03-27T15:34:00,2024-03-27T15:34:00,2024-12-31T06:30:00,crm_salesforce
LED-47388,CON-10026,CMP-2015,Cart Abandonment – Reaktivierung Feb–Mär,Email,Opportunity,MQL,57,177.72,0.48,a.mueller@shopnow.de,At Risk,München,DE,2024-02-28T13:18:00,2024-03-12T21:55:00,2024-03-12T21:55:00,2024-12-31T06:30:00,crm_salesforce
LED-17492,CON-10167,CMP-2015,Cart Abandonment – Reaktivierung Feb–Mär,Email,MQL,Prospect,51,89.73,0.1,a.mueller@shopnow.de,Aktiv,Berlin,DE,2024-03-22T12:03:00,2024-03-30T21:57:00,2024-03-30T21:57:00,2024-12-31T06:30:00,crm_salesforce
LED-40828,CON-11349,CMP-2015,Cart Abandonment – Reaktivierung Feb–Mär,Email,Opportunity,SQL,72,153.39,0.43,a.mueller@shopnow.de,Aktiv,Hannover,DE,2024-03-27T08:39:00,2024-03-28T05:21:00,2024-03-28T05:21:00,2024-12-31T06:30:00,crm_salesforce
LED-44179,CON-10424,CMP-2015,Cart Abandonment – Reaktivierung Feb–Mär,Email,SQL,Prospect,68,110.59,0.28,a.mueller@shopnow.de,Loyal,Bremen,DE,2024-03-05T15:25:00,2024-03-10T07:54:00,2024-03-10T07:54:00,2024-12-31T06:30:00,crm_salesforce
LED-11220,CON-10298,CMP-2015,Cart Abandonment – Reaktivierung Feb–Mär,Email,Opportunity,SQL,58,115.84,0.5,a.mueller@shopnow.de,At Risk,Mannheim,DE,2024-02-23T13:32:00,2024-03-11T01:31:00,2024-03-11T01:31:00,2024-12-31T06:30:00,crm_salesforce
LED-24029,CON-10285,CMP-2023,Frühjahr-Launch – Outdoor & Sportartikel,Google Ads,Customer,Opportunity,76,316.87,0.95,k.bauer@shopnow.de,Neukunde,München,DE,2024-04-01T16:38:00,2024-04-15T09:51:00,2024-04-15T09:51:00,2024-12-31T06:30:00,crm_salesforce
LED-42914,CON-10785,CMP-2023,Frühjahr-Launch – Outdoor & Sportartikel,Google Ads,Customer,Opportunity,72,200.07,0.99,k.bauer@shopnow.de,Aktiv,Sankt Pölten,AT,2024-03-20T20:53:00,2024-04-07T04:53:00,2024-04-07T04:53:00,2024-12-31T06:30:00,crm_salesforce
LED-44335,CON-10977,CMP-2023,Frühjahr-Launch – Outdoor & Sportartikel,Google Ads,SQL,Prospect,66,401.87,0.28,k.bauer@shopnow.de,Aktiv,Leipzig,DE,2024-04-19T20:35:00,2024-04-20T06:39:00,2024-04-20T06:39:00,2024-12-31T06:30:00,crm_salesforce
LED-81511,CON-11265,CMP-2023,Frühjahr-Launch – Outdoor & Sportartikel,Google Ads,Prospect,Prospect,45,210.34,0.06,k.bauer@shopnow.de,Aktiv,Leipzig,DE,2024-04-21T11:27:00,2024-04-25T19:46:00,2024-04-25T19:46:00,2024-12-31T06:30:00,crm_salesforce
LED-15229,CON-10544,CMP-2023,Frühjahr-Launch – Outdoor & Sportartikel,Google Ads,Customer,Opportunity,81,274.76,1.0,k.bauer@shopnow.de,Aktiv,München,DE,2024-04-27T14:42:00,2024-05-01T09:31:00,2024-05-01T09:31:00,2024-12-31T06:30:00,crm_salesforce
LED-30257,CON-11094,CMP-2023,Frühjahr-Launch – Outdoor & Sportartikel,Google Ads,Churned,Customer,85,226.06,0.02,k.bauer@shopnow.de,Aktiv,Bonn,DE,2024-05-09T12:51:00,2024-05-16T01:47:00,2024-05-16T01:47:00,2024-12-31T06:30:00,crm_salesforce
LED-53540,CON-11173,CMP-2023,Frühjahr-Launch – Outdoor & Sportartikel,Google Ads,Customer,SQL,83,377.82,0.87,k.bauer@shopnow.de,Churned,München,DE,2024-05-05T14:17:00,2024-05-08T00:41:00,2024-05-08T00:41:00,2024-12-31T06:30:00,crm_salesforce
LED-70332,CON-10947,CMP-2023,Frühjahr-Launch – Outdoor & Sportartikel,Google Ads,Opportunity,SQL,58,181.94,0.51,k.bauer@shopnow.de,Neukunde,Duisburg,DE,2024-03-29T07:42:00,2024-04-11T03:03:00,2024-04-11T03:03:00,2024-12-31T06:30:00,crm_salesforce
LED-46585,CON-10017,CMP-2023,Frühjahr-Launch – Outdoor & Sportartikel,Google Ads,Opportunity,MQL,64,281.59,0.39,k.bauer@shopnow.de,Neukunde,Hannover,DE,2024-04-27T17:01:00,2024-05-01T08:12:00,2024-05-01T08:12:00,2024-12-31T06:30:00,crm_salesforce
LED-88193,CON-11195,CMP-2023,Frühjahr-Launch – Outdoor & Sportartikel,Google Ads,Opportunity,MQL,56,323.9,0.45,k.bauer@shopnow.de,Aktiv,Linz,AT,2024-04-11T10:24:00,2024-04-24T01:26:00,2024-04-24T01:26:00,2024-12-31T06:30:00,crm_salesforce
LED-80575,CON-10988,CMP-2023,Frühjahr-Launch – Outdoor & Sportartikel,Google Ads,Customer,Opportunity,91,369.85,1.0,k.bauer@shopnow.de,Loyal,Düsseldorf,DE,2024-04-07T20:04:00,2024-04-29T13:46:00,2024-04-29T13:46:00,2024-12-31T06:30:00,crm_salesforce
LED-76469,CON-10533,CMP-2023,Frühjahr-Launch – Outdoor & Sportartikel,Google Ads,Opportunity,MQL,68,228.75,0.47,k.bauer@shopnow.de,At Risk,München,DE,2024-04-04T19:44:00,2024-04-23T06:56:00,2024-04-23T06:56:00,2024-12-31T06:30:00,crm_salesforce
LED-32810,CON-11184,CMP-2023,Frühjahr-Launch – Outdoor & Sportartikel,Google Ads,Customer,SQL,87,349.3,0.99,k.bauer@shopnow.de,Neukunde,Klagenfurt,AT,2024-04-09T07:19:00,2024-04-27T20:46:00,2024-04-27T20:46:00,2024-12-31T06:30:00,crm_salesforce
LED-70946,CON-10186,CMP-2023,Frühjahr-Launch – Outdoor & Sportartikel,Google Ads,Opportunity,SQL,72,117.98,0.47,k.bauer@shopnow.de,Churned,Graz,AT,2024-04-16T22:50:00,2024-05-15T11:32:00,2024-05-15T11:32:00,2024-12-31T06:30:00,crm_salesforce
LED-91167,CON-10243,CMP-2023,Frühjahr-Launch – Outdoor & Sportartikel,Google Ads,Opportunity,SQL,71,105.25,0.47,k.bauer@shopnow.de,Aktiv,Nürnberg,DE,2024-04-27T16:14:00,2024-05-04T03:15:00,2024-05-04T03:15:00,2024-12-31T06:30:00,crm_salesforce
LED-19545,CON-10474,CMP-2023,Frühjahr-Launch – Outdoor & Sportartikel,Google Ads,Opportunity,SQL,56,306.5,0.5,k.bauer@shopnow.de,Aktiv,Salzburg,AT,2024-04-29T19:31:00,2024-05-12T09:40:00,2024-05-12T09:40:00,2024-12-31T06:30:00,crm_salesforce
LED-23970,CON-10205,CMP-2023,Frühjahr-Launch – Outdoor & Sportartikel,Google Ads,Customer,Opportunity,82,369.95,0.85,k.bauer@shopnow.de,Aktiv,Innsbruck,AT,2024-03-26T21:03:00,2024-05-01T12:01:00,2024-05-01T12:01:00,2024-12-31T06:30:00,crm_salesforce
LED-76162,CON-10947,CMP-2031,Loyalty-Programm Launch – ShopNow Plus,Email,Opportunity,MQL,76,147.73,0.42,j.fischer@shopnow.de,Neukunde,Duisburg,DE,2024-04-29T12:47:00,2024-05-01T10:03:00,2024-05-01T10:03:00,2024-12-31T06:30:00,crm_salesforce
LED-78327,CON-11002,CMP-2031,Loyalty-Programm Launch – ShopNow Plus,Email,Opportunity,SQL,73,93.66,0.39,j.fischer@shopnow.de,Loyal,Köln,DE,2024-04-09T21:04:00,2024-04-19T11:21:00,2024-04-19T11:21:00,2024-12-31T06:30:00,crm_salesforce
LED-29769,CON-11070,CMP-2031,Loyalty-Programm Launch – ShopNow Plus,Email,SQL,MQL,57,120.54,0.22,j.fischer@shopnow.de,Aktiv,München,DE,2024-04-23T13:04:00,2024-04-30T09:25:00,2024-04-30T09:25:00,2024-12-31T06:30:00,crm_salesforce
LED-65069,CON-10570,CMP-2031,Loyalty-Programm Launch – ShopNow Plus,Email,Opportunity,SQL,69,147.95,0.46,j.fischer@shopnow.de,Loyal,Sankt Pölten,AT,2024-04-28T19:30:00,2024-04-29T13:49:00,2024-04-29T13:49:00,2024-12-31T06:30:00,crm_salesforce
LED-81582,CON-11355,CMP-2031,Loyalty-Programm Launch – ShopNow Plus,Email,Customer,Opportunity,89,100.55,1.0,j.fischer@shopnow.de,Aktiv,St. Gallen,CH,2024-04-16T14:17:00,2024-04-23T12:18:00,2024-04-23T12:18:00,2024-12-31T06:30:00,crm_salesforce
LED-62994,CON-10795,CMP-2031,Loyalty-Programm Launch – ShopNow Plus,Email,Customer,SQL,68,123.37,0.83,j.fischer@shopnow.de,Aktiv,Lugano,CH,2024-04-30T11:39:00,2024-05-01T07:16:00,2024-05-01T07:16:00,2024-12-31T06:30:00,crm_salesforce
LED-66179,CON-11094,CMP-2031,Loyalty-Programm Launch – ShopNow Plus,Email,MQL,Prospect,42,109.11,0.13,j.fischer@shopnow.de,Aktiv,Bonn,DE,2024-04-06T08:16:00,2024-04-19T01:29:00,2024-04-19T01:29:00,2024-12-31T06:30:00,crm_salesforce
LED-39389,CON-11349,CMP-2039,Muttertag – Kosmetik & Pflegeprodukte,Meta Ads,Customer,Opportunity,72,58.29,0.94,a.mueller@shopnow.de,Aktiv,Hannover,DE,2024-05-11T07:15:00,2024-05-11T14:54:00,2024-05-11T14:54:00,2024-12-31T06:30:00,crm_salesforce
LED-24993,CON-10754,CMP-2039,Muttertag – Kosmetik & Pflegeprodukte,Meta Ads,Customer,Opportunity,91,112.87,1.0,a.mueller@shopnow.de,Neukunde,Duisburg,DE,2024-05-06T15:49:00,2024-05-09T04:27:00,2024-05-09T04:27:00,2024-12-31T06:30:00,crm_salesforce
LED-31465,CON-10453,CMP-2039,Muttertag – Kosmetik & Pflegeprodukte,Meta Ads,Churned,Customer,86,152.98,0.02,a.mueller@shopnow.de,Aktiv,Köln,DE,2024-05-08T07:59:00,2024-05-11T03:24:00,2024-05-11T03:24:00,2024-12-31T06:30:00,crm_salesforce
LED-92213,CON-10143,CMP-2039,Muttertag – Kosmetik & Pflegeprodukte,Meta Ads,SQL,Prospect,55,91.41,0.22,a.mueller@shopnow.de,Churned,Köln,DE,2024-05-12T10:50:00,2024-05-13T05:24:00,2024-05-13T05:24:00,2024-12-31T06:30:00,crm_salesforce
LED-94874,CON-10841,CMP-2039,Muttertag – Kosmetik & Pflegeprodukte,Meta Ads,Opportunity,MQL,70,146.99,0.48,a.mueller@shopnow.de,Aktiv,Frankfurt,DE,2024-05-12T22:06:00,2024-05-14T16:46:00,2024-05-14T16:46:00,2024-12-31T06:30:00,crm_salesforce
LED-67080,CON-10034,CMP-2039,Muttertag – Kosmetik & Pflegeprodukte,Meta Ads,SQL,Prospect,46,142.21,0.23,a.mueller@shopnow.de,Loyal,Leipzig,DE,2024-05-08T22:29:00,2024-05-12T13:49:00,2024-05-12T13:49:00,2024-12-31T06:30:00,crm_salesforce
LED-69087,CON-11343,CMP-2039,Muttertag – Kosmetik & Pflegeprodukte,Meta Ads,SQL,Prospect,59,79.0,0.23,a.mueller@shopnow.de,Neukunde,Karlsruhe,DE,2024-05-08T19:21:00,2024-05-09T18:15:00,2024-05-09T18:15:00,2024-12-31T06:30:00,crm_salesforce
LED-43862,CON-10969,CMP-2039,Muttertag – Kosmetik & Pflegeprodukte,Meta Ads,Opportunity,MQL,71,126.41,0.46,a.mueller@shopnow.de,Churned,Dornbirn,AT,2024-05-07T07:33:00,2024-05-08T16:48:00,2024-05-08T16:48:00,2024-12-31T06:30:00,crm_salesforce
LED-41499,CON-10094,CMP-2039,Muttertag – Kosmetik & Pflegeprodukte,Meta Ads,Customer,SQL,77,123.01,1.0,a.mueller@shopnow.de,Aktiv,Bremen,DE,2024-05-06T07:05:00,2024-05-08T21:30:00,2024-05-08T21:30:00,2024-12-31T06:30:00,crm_salesforce
LED-58368,CON-10629,CMP-2039,Muttertag – Kosmetik & Pflegeprodukte,Meta Ads,Opportunity,MQL,59,70.17,0.48,a.mueller@shopnow.de,Aktiv,Berlin,DE,2024-05-05T17:22:00,2024-05-13T08:41:00,2024-05-13T08:41:00,2024-12-31T06:30:00,crm_salesforce
LED-73464,CON-11332,CMP-2047,Sommermode – Retargeting Kategorie-Besucher,Google Ads,MQL,Prospect,54,113.94,0.12,k.bauer@shopnow.de,At Risk,Graz,AT,2024-06-07T13:18:00,2024-06-22T07:29:00,2024-06-22T07:29:00,2024-12-31T06:30:00,crm_salesforce
LED-45954,CON-10964,CMP-2047,Sommermode – Retargeting Kategorie-Besucher,Google Ads,Prospect,Prospect,38,225.18,0.05,k.bauer@shopnow.de,Neukunde,Dresden,DE,2024-07-06T16:44:00,2024-07-11T14:50:00,2024-07-11T14:50:00,2024-12-31T06:30:00,crm_salesforce
LED-72746,CON-11370,CMP-2047,Sommermode – Retargeting Kategorie-Besucher,Google Ads,SQL,MQL,59,67.74,0.22,k.bauer@shopnow.de,Churned,St. Gallen,CH,2024-06-04T15:55:00,2024-07-05T02:47:00,2024-07-05T02:47:00,2024-12-31T06:30:00,crm_salesforce
LED-92502,CON-11237,CMP-2047,Sommermode – Retargeting Kategorie-Besucher,Google Ads,Opportunity,SQL,75,204.07,0.46,k.bauer@shopnow.de,Aktiv,Mannheim,DE,2024-06-10T16:05:00,2024-06-26T02:40:00,2024-06-26T02:40:00,2024-12-31T06:30:00,crm_salesforce
LED-91057,CON-10331,CMP-2047,Sommermode – Retargeting Kategorie-Besucher,Google Ads,MQL,Prospect,51,176.1,0.14,k.bauer@shopnow.de,Churned,Salzburg,AT,2024-06-29T21:19:00,2024-07-27T13:55:00,2024-07-27T13:55:00,2024-12-31T06:30:00,crm_salesforce
LED-23006,CON-10346,CMP-2047,Sommermode – Retargeting Kategorie-Besucher,Google Ads,Churned,Customer,82,88.89,0.02,k.bauer@shopnow.de,Aktiv,Frankfurt,DE,2024-07-11T13:16:00,2024-07-14T01:31:00,2024-07-14T01:31:00,2024-12-31T06:30:00,crm_salesforce
LED-63545,CON-10388,CMP-2047,Sommermode – Retargeting Kategorie-Besucher,Google Ads,SQL,Prospect,46,222.62,0.26,k.bauer@shopnow.de,Loyal,Duisburg,DE,2024-06-19T08:14:00,2024-07-08T00:58:00,2024-07-08T00:58:00,2024-12-31T06:30:00,crm_salesforce
LED-84607,CON-11126,CMP-2055,Back-to-School – Schreibwaren & Technik,Meta Ads,Customer,SQL,83,185.11,0.93,j.fischer@shopnow.de,Aktiv,Köln,DE,2024-07-29T21:44:00,2024-08-18T17:01:00,2024-08-18T17:01:00,2024-12-31T06:30:00,crm_salesforce
LED-88385,CON-11056,CMP-2055,Back-to-School – Schreibwaren & Technik,Meta Ads,Prospect,Prospect,38,262.27,0.05,j.fischer@shopnow.de,Aktiv,Berlin,DE,2024-08-11T15:01:00,2024-08-14T05:44:00,2024-08-14T05:44:00,2024-12-31T06:30:00,crm_salesforce
LED-12719,CON-11184,CMP-2055,Back-to-School – Schreibwaren & Technik,Meta Ads,Churned,Opportunity,88,219.85,0.02,j.fischer@shopnow.de,Neukunde,Klagenfurt,AT,2024-08-27T08:48:00,2024-08-30T07:21:00,2024-08-30T07:21:00,2024-12-31T06:30:00,crm_salesforce
LED-86720,CON-10356,CMP-2055,Back-to-School – Schreibwaren & Technik,Meta Ads,SQL,Prospect,49,224.13,0.24,j.fischer@shopnow.de,Aktiv,Nürnberg,DE,2024-07-27T22:22:00,2024-08-23T15:42:00,2024-08-23T15:42:00,2024-12-31T06:30:00,crm_salesforce
LED-74942,CON-10757,CMP-2055,Back-to-School – Schreibwaren & Technik,Meta Ads,MQL,Prospect,56,144.35,0.12,j.fischer@shopnow.de,Neukunde,Luzern,CH,2024-08-26T08:29:00,2024-08-28T01:45:00,2024-08-28T01:45:00,2024-12-31T06:30:00,crm_salesforce
LED-77449,CON-10205,CMP-2055,Back-to-School – Schreibwaren & Technik,Meta Ads,Customer,Opportunity,92,153.21,0.95,j.fischer@shopnow.de,Aktiv,Innsbruck,AT,2024-09-02T21:26:00,2024-09-03T10:59:00,2024-09-03T10:59:00,2024-12-31T06:30:00,crm_salesforce
LED-67939,CON-10977,CMP-2055,Back-to-School – Schreibwaren & Technik,Meta Ads,Opportunity,SQL,59,230.6,0.39,j.fischer@shopnow.de,Aktiv,Leipzig,DE,2024-08-08T11:59:00,2024-08-18T09:55:00,2024-08-18T09:55:00,2024-12-31T06:30:00,crm_salesforce
LED-92578,CON-10404,CMP-2055,Back-to-School – Schreibwaren & Technik,Meta Ads,Opportunity,SQL,59,121.68,0.44,j.fischer@shopnow.de,Aktiv,Wuppertal,DE,2024-09-05T12:19:00,2024-09-06T08:24:00,2024-09-06T08:24:00,2024-12-31T06:30:00,crm_salesforce
LED-25396,CON-11160,CMP-2055,Back-to-School – Schreibwaren & Technik,Meta Ads,Opportunity,SQL,71,180.97,0.42,j.fischer@shopnow.de,Aktiv,Winterthur,CH,2024-08-22T16:32:00,2024-08-31T13:25:00,2024-08-31T13:25:00,2024-12-31T06:30:00,crm_salesforce
LED-82255,CON-10268,CMP-2055,Back-to-School – Schreibwaren & Technik,Meta Ads,MQL,Prospect,45,251.7,0.11,j.fischer@shopnow.de,Churned,Bielefeld,DE,2024-08-29T11:55:00,2024-08-31T03:44:00,2024-08-31T03:44:00,2024-12-31T06:30:00,crm_salesforce
LED-76550,CON-10482,CMP-2055,Back-to-School – Schreibwaren & Technik,Meta Ads,MQL,Prospect,49,104.18,0.12,j.fischer@shopnow.de,Aktiv,Genf,CH,2024-08-09T16:53:00,2024-08-28T15:48:00,2024-08-28T15:48:00,2024-12-31T06:30:00,crm_salesforce
LED-53573,CON-10256,CMP-2055,Back-to-School – Schreibwaren & Technik,Meta Ads,Opportunity,MQL,80,158.08,0.44,j.fischer@shopnow.de,Aktiv,Berlin,DE,2024-08-20T17:55:00,2024-08-27T08:31:00,2024-08-27T08:31:00,2024-12-31T06:30:00,crm_salesforce
LED-51704,CON-10131,CMP-2055,Back-to-School – Schreibwaren & Technik,Meta Ads,Opportunity,MQL,66,292.03,0.5,j.fischer@shopnow.de,Aktiv,Stuttgart,DE,2024-08-15T11:31:00,2024-08-16T23:03:00,2024-08-16T23:03:00,2024-12-31T06:30:00,crm_salesforce
LED-67711,CON-10111,CMP-2055,Back-to-School – Schreibwaren & Technik,Meta Ads,Prospect,Prospect,28,177.98,0.05,j.fischer@shopnow.de,Aktiv,Dresden,DE,2024-07-22T11:26:00,2024-09-01T22:30:00,2024-09-01T22:30:00,2024-12-31T06:30:00,crm_salesforce
LED-62098,CON-10298,CMP-2055,Back-to-School – Schreibwaren & Technik,Meta Ads,Opportunity,MQL,76,85.74,0.47,j.fischer@shopnow.de,At Risk,Mannheim,DE,2024-09-03T19:20:00,2024-09-07T03:59:00,2024-09-07T03:59:00,2024-12-31T06:30:00,crm_salesforce
LED-47667,CON-10552,CMP-2055,Back-to-School – Schreibwaren & Technik,Meta Ads,Churned,Customer,80,229.62,0.02,j.fischer@shopnow.de,Aktiv,Karlsruhe,DE,2024-08-18T10:48:00,2024-08-22T07:58:00,2024-08-22T07:58:00,2024-12-31T06:30:00,crm_salesforce
LED-17355,CON-11070,CMP-2055,Back-to-School – Schreibwaren & Technik,Meta Ads,MQL,Prospect,37,226.81,0.11,j.fischer@shopnow.de,Aktiv,München,DE,2024-08-18T11:15:00,2024-09-04T07:51:00,2024-09-04T07:51:00,2024-12-31T06:30:00,crm_salesforce
LED-20350,CON-11343,CMP-2055,Back-to-School – Schreibwaren & Technik,Meta Ads,Opportunity,MQL,70,216.72,0.42,j.fischer@shopnow.de,Neukunde,Karlsruhe,DE,2024-08-30T14:31:00,2024-09-02T05:00:00,2024-09-02T05:00:00,2024-12-31T06:30:00,crm_salesforce
LED-81643,CON-10834,CMP-2062,Herbst-Newsletter – Bestandskundenpflege,Email,Prospect,Prospect,26,167.57,0.06,a.mueller@shopnow.de,Aktiv,Hamburg,DE,2024-10-08T16:40:00,2024-10-22T08:09:00,2024-10-22T08:09:00,2024-12-31T06:30:00,crm_salesforce
LED-73335,CON-10517,CMP-2062,Herbst-Newsletter – Bestandskundenpflege,Email,Prospect,Prospect,41,186.8,0.05,a.mueller@shopnow.de,At Risk,Bremen,DE,2024-10-22T18:36:00,2024-10-27T10:37:00,2024-10-27T10:37:00,2024-12-31T06:30:00,crm_salesforce
LED-11061,CON-11217,CMP-2062,Herbst-Newsletter – Bestandskundenpflege,Email,MQL,Prospect,39,161.28,0.12,a.mueller@shopnow.de,Loyal,Linz,AT,2024-10-24T22:53:00,2024-10-29T13:31:00,2024-10-29T13:31:00,2024-12-31T06:30:00,crm_salesforce
LED-27322,CON-11217,CMP-2071,Singles' Day 11.11. – Alle Kategorien,Google Ads,SQL,Prospect,69,535.2,0.22,k.bauer@shopnow.de,Loyal,Linz,AT,2024-11-10T12:16:00,2024-11-12T05:03:00,2024-11-12T05:03:00,2024-12-31T06:30:00,crm_salesforce
LED-19869,CON-11355,CMP-2071,Singles' Day 11.11. – Alle Kategorien,Google Ads,Prospect,Prospect,34,368.29,0.05,k.bauer@shopnow.de,Aktiv,St. Gallen,CH,2024-11-11T18:05:00,2024-11-13T01:21:00,2024-11-13T01:21:00,2024-12-31T06:30:00,crm_salesforce
LED-98125,CON-11291,CMP-2071,Singles' Day 11.11. – Alle Kategorien,Google Ads,Prospect,Prospect,37,409.77,0.05,k.bauer@shopnow.de,Loyal,Hannover,DE,2024-11-10T10:43:00,2024-11-11T08:44:00,2024-11-11T08:44:00,2024-12-31T06:30:00,crm_salesforce
LED-89964,CON-11377,CMP-2071,Singles' Day 11.11. – Alle Kategorien,Google Ads,Prospect,Prospect,21,122.67,0.05,k.bauer@shopnow.de,Aktiv,Bielefeld,DE,2024-11-11T16:41:00,2024-11-13T02:49:00,2024-11-13T02:49:00,2024-12-31T06:30:00,crm_salesforce
LED-74569,CON-11179,CMP-2071,Singles' Day 11.11. – Alle Kategorien,Google Ads,Prospect,Prospect,24,471.13,0.06,k.bauer@shopnow.de,Aktiv,Lausanne,CH,2024-11-09T19:29:00,2024-11-11T16:06:00,2024-11-11T16:06:00,2024-12-31T06:30:00,crm_salesforce
LED-95841,CON-11220,CMP-2071,Singles' Day 11.11. – Alle Kategorien,Google Ads,Prospect,Prospect,27,322.35,0.06,k.bauer@shopnow.de,At Risk,Köln,DE,2024-11-11T15:02:00,2024-11-13T04:30:00,2024-11-13T04:30:00,2024-12-31T06:30:00,crm_salesforce
LED-23022,CON-10251,CMP-2071,Singles' Day 11.11. – Alle Kategorien,Google Ads,Churned,Opportunity,94,574.51,0.02,k.bauer@shopnow.de,Aktiv,Luzern,CH,2024-11-10T08:25:00,2024-11-11T21:32:00,2024-11-11T21:32:00,2024-12-31T06:30:00,crm_salesforce
LED-37801,CON-11126,CMP-2071,Singles' Day 11.11. – Alle Kategorien,Google Ads,SQL,MQL,61,514.91,0.23,k.bauer@shopnow.de,Aktiv,Köln,DE,2024-11-08T17:15:00,2024-11-10T06:19:00,2024-11-10T06:19:00,2024-12-31T06:30:00,crm_salesforce
LED-38305,CON-10173,CMP-2071,Singles' Day 11.11. – Alle Kategorien,Google Ads,Opportunity,SQL,60,592.01,0.46,k.bauer@shopnow.de,Loyal,Wien,AT,2024-11-10T11:50:00,2024-11-11T03:44:00,2024-11-11T03:44:00,2024-12-31T06:30:00,crm_salesforce
LED-32871,CON-11349,CMP-2071,Singles' Day 11.11. – Alle Kategorien,Google Ads,Prospect,Prospect,21,187.12,0.04,k.bauer@shopnow.de,Aktiv,Hannover,DE,2024-11-09T07:22:00,2024-11-10T00:23:00,2024-11-10T00:23:00,2024-12-31T06:30:00,crm_salesforce
LED-65176,CON-11160,CMP-2071,Singles' Day 11.11. – Alle Kategorien,Google Ads,MQL,Prospect,51,351.92,0.1,k.bauer@shopnow.de,Aktiv,Winterthur,CH,2024-11-11T21:49:00,2024-11-13T08:17:00,2024-11-13T08:17:00,2024-12-31T06:30:00,crm_salesforce
LED-96363,CON-10075,CMP-2071,Singles' Day 11.11. – Alle Kategorien,Google Ads,MQL,Prospect,54,153.98,0.13,k.bauer@shopnow.de,VIP,Sankt Pölten,AT,2024-11-08T08:30:00,2024-11-12T05:13:00,2024-11-12T05:13:00,2024-12-31T06:30:00,crm_salesforce
LED-19632,CON-10556,CMP-2071,Singles' Day 11.11. – Alle Kategorien,Google Ads,Opportunity,MQL,72,597.31,0.42,k.bauer@shopnow.de,Aktiv,Karlsruhe,DE,2024-11-09T09:08:00,2024-11-11T02:32:00,2024-11-11T02:32:00,2024-12-31T06:30:00,crm_salesforce
LED-76263,CON-10785,CMP-2071,Singles' Day 11.11. – Alle Kategorien,Google Ads,SQL,MQL,58,269.47,0.24,k.bauer@shopnow.de,Aktiv,Sankt Pölten,AT,2024-11-08T13:27:00,2024-11-12T03:53:00,2024-11-12T03:53:00,2024-12-31T06:30:00,crm_salesforce
LED-22463,CON-10058,CMP-2071,Singles' Day 11.11. – Alle Kategorien,Google Ads,MQL,Prospect,34,515.89,0.12,k.bauer@shopnow.de,Neukunde,Salzburg,AT,2024-11-10T18:09:00,2024-11-12T03:14:00,2024-11-12T03:14:00,2024-12-31T06:30:00,crm_salesforce
LED-58843,CON-11039,CMP-2071,Singles' Day 11.11. – Alle Kategorien,Google Ads,Opportunity,SQL,57,557.92,0.51,k.bauer@shopnow.de,Neukunde,Salzburg,AT,2024-11-10T10:26:00,2024-11-12T07:21:00,2024-11-12T07:21:00,2024-12-31T06:30:00,crm_salesforce
LED-88696,CON-10652,CMP-2071,Singles' Day 11.11. – Alle Kategorien,Google Ads,MQL,Prospect,49,154.11,0.12,k.bauer@shopnow.de,Neukunde,Wels,AT,2024-11-09T11:42:00,2024-11-11T02:36:00,2024-11-11T02:36:00,2024-12-31T06:30:00,crm_salesforce
LED-46512,CON-10237,CMP-2071,Singles' Day 11.11. – Alle Kategorien,Google Ads,MQL,Prospect,42,481.2,0.11,k.bauer@shopnow.de,Aktiv,St. Gallen,CH,2024-11-08T15:01:00,2024-11-10T06:45:00,2024-11-10T06:45:00,2024-12-31T06:30:00,crm_salesforce
LED-33777,CON-10167,CMP-2071,Singles' Day 11.11. – Alle Kategorien,Google Ads,Opportunity,MQL,68,365.24,0.44,k.bauer@shopnow.de,Aktiv,Berlin,DE,2024-11-08T11:47:00,2024-11-08T21:34:00,2024-11-08T21:34:00,2024-12-31T06:30:00,crm_salesforce
LED-54681,CON-10526,CMP-2071,Singles' Day 11.11. – Alle Kategorien,Google Ads,Prospect,Prospect,21,477.22,0.05,k.bauer@shopnow.de,Loyal,München,DE,2024-11-10T09:56:00,2024-11-10T21:06:00,2024-11-10T21:06:00,2024-12-31T06:30:00,crm_salesforce
LED-45665,CON-10583,CMP-2071,Singles' Day 11.11. – Alle Kategorien,Google Ads,MQL,Prospect,43,356.17,0.12,k.bauer@shopnow.de,Aktiv,Münster,DE,2024-11-11T21:26:00,2024-11-13T11:14:00,2024-11-13T11:14:00,2024-12-31T06:30:00,crm_salesforce
LED-47125,CON-10748,CMP-2071,Singles' Day 11.11. – Alle Kategorien,Google Ads,SQL,Prospect,50,202.21,0.27,k.bauer@shopnow.de,Neukunde,Münster,DE,2024-11-10T08:14:00,2024-11-11T16:14:00,2024-11-11T16:14:00,2024-12-31T06:30:00,crm_salesforce
LED-43491,CON-10309,CMP-2071,Singles' Day 11.11. – Alle Kategorien,Google Ads,Prospect,Prospect,42,290.1,0.05,k.bauer@shopnow.de,Churned,Münster,DE,2024-11-08T22:47:00,2024-11-12T10:55:00,2024-11-12T10:55:00,2024-12-31T06:30:00,crm_salesforce
LED-83233,CON-10359,CMP-2071,Singles' Day 11.11. – Alle Kategorien,Google Ads,Opportunity,MQL,58,329.88,0.5,k.bauer@shopnow.de,Aktiv,Düsseldorf,DE,2024-11-08T19:55:00,2024-11-09T15:56:00,2024-11-09T15:56:00,2024-12-31T06:30:00,crm_salesforce
LED-20011,CON-11025,CMP-2079,Black Friday & Cyber Monday – Mega Sale,Meta Ads,MQL,Prospect,38,204.94,0.11,j.fischer@shopnow.de,Neukunde,Frankfurt,DE,2024-11-28T18:22:00,2024-11-30T08:28:00,2024-11-30T08:28:00,2024-12-31T06:30:00,crm_salesforce
LED-30036,CON-10726,CMP-2079,Black Friday & Cyber Monday – Mega Sale,Meta Ads,SQL,MQL,62,656.01,0.26,j.fischer@shopnow.de,Neukunde,Bonn,DE,2024-11-27T22:29:00,2024-12-02T20:12:00,2024-12-02T20:12:00,2024-12-31T06:30:00,crm_salesforce
LED-91857,CON-11272,CMP-2079,Black Friday & Cyber Monday – Mega Sale,Meta Ads,MQL,Prospect,40,295.64,0.12,j.fischer@shopnow.de,Churned,Lugano,CH,2024-11-27T21:04:00,2024-12-01T18:44:00,2024-12-01T18:44:00,2024-12-31T06:30:00,crm_salesforce
LED-56129,CON-11143,CMP-2079,Black Friday & Cyber Monday – Mega Sale,Meta Ads,MQL,Prospect,52,286.5,0.13,j.fischer@shopnow.de,At Risk,Duisburg,DE,2024-12-02T21:02:00,2024-12-03T15:55:00,2024-12-03T15:55:00,2024-12-31T06:30:00,crm_salesforce
LED-21835,CON-10748,CMP-2079,Black Friday & Cyber Monday – Mega Sale,Meta Ads,SQL,Prospect,48,395.86,0.28,j.fischer@shopnow.de,Neukunde,Münster,DE,2024-12-02T08:28:00,2024-12-03T02:06:00,2024-12-03T02:06:00,2024-12-31T06:30:00,crm_salesforce
LED-69050,CON-10521,CMP-2079,Black Friday & Cyber Monday – Mega Sale,Meta Ads,Prospect,Prospect,39,423.96,0.04,j.fischer@shopnow.de,At Risk,Dornbirn,AT,2024-11-26T12:02:00,2024-11-28T09:30:00,2024-11-28T09:30:00,2024-12-31T06:30:00,crm_salesforce
LED-58870,CON-10205,CMP-2079,Black Friday & Cyber Monday – Mega Sale,Meta Ads,Customer,SQL,85,311.22,1.0,j.fischer@shopnow.de,Aktiv,Innsbruck,AT,2024-12-01T17:43:00,2024-12-02T10:47:00,2024-12-02T10:47:00,2024-12-31T06:30:00,crm_salesforce
LED-47243,CON-11392,CMP-2079,Black Friday & Cyber Monday – Mega Sale,Meta Ads,Prospect,Prospect,40,322.9,0.05,j.fischer@shopnow.de,Loyal,Düsseldorf,DE,2024-11-30T09:37:00,2024-12-02T21:35:00,2024-12-02T21:35:00,2024-12-31T06:30:00,crm_salesforce
LED-61374,CON-10036,CMP-2079,Black Friday & Cyber Monday – Mega Sale,Meta Ads,Prospect,Prospect,43,527.64,0.06,j.fischer@shopnow.de,Loyal,Wuppertal,DE,2024-11-29T19:41:00,2024-12-02T07:23:00,2024-12-02T07:23:00,2024-12-31T06:30:00,crm_salesforce
LED-78995,CON-10583,CMP-2079,Black Friday & Cyber Monday – Mega Sale,Meta Ads,Prospect,Prospect,44,318.2,0.05,j.fischer@shopnow.de,Aktiv,Münster,DE,2024-11-30T07:23:00,2024-12-01T19:36:00,2024-12-01T19:36:00,2024-12-31T06:30:00,crm_salesforce
LED-39693,CON-10303,CMP-2079,Black Friday & Cyber Monday – Mega Sale,Meta Ads,Churned,Customer,100,567.11,0.02,j.fischer@shopnow.de,Aktiv,Bochum,DE,2024-11-26T16:54:00,2024-12-03T03:26:00,2024-12-03T03:26:00,2024-12-31T06:30:00,crm_salesforce
LED-14947,CON-11108,CMP-2079,Black Friday & Cyber Monday – Mega Sale,Meta Ads,SQL,MQL,57,373.85,0.24,j.fischer@shopnow.de,Aktiv,Frankfurt,DE,2024-12-01T11:10:00,2024-12-01T23:56:00,2024-12-01T23:56:00,2024-12-31T06:30:00,crm_salesforce
LED-41133,CON-10825,CMP-2079,Black Friday & Cyber Monday – Mega Sale,Meta Ads,Churned,Opportunity,86,574.93,0.02,j.fischer@shopnow.de,Churned,Hamburg,DE,2024-12-02T14:34:00,2024-12-03T07:25:00,2024-12-03T07:25:00,2024-12-31T06:30:00,crm_salesforce
LED-84766,CON-11237,CMP-2079,Black Friday & Cyber Monday – Mega Sale,Meta Ads,Churned,Opportunity,99,235.82,0.02,j.fischer@shopnow.de,Aktiv,Mannheim,DE,2024-11-29T19:32:00,2024-12-03T08:24:00,2024-12-03T08:24:00,2024-12-31T06:30:00,crm_salesforce
LED-42768,CON-10649,CMP-2079,Black Friday & Cyber Monday – Mega Sale,Meta Ads,Prospect,Prospect,25,168.65,0.05,j.fischer@shopnow.de,Aktiv,Karlsruhe,DE,2024-11-30T10:45:00,2024-12-02T21:03:00,2024-12-02T21:03:00,2024-12-31T06:30:00,crm_salesforce
LED-77286,CON-10156,CMP-2079,Black Friday & Cyber Monday – Mega Sale,Meta Ads,Prospect,Prospect,21,135.47,0.05,j.fischer@shopnow.de,At Risk,Berlin,DE,2024-11-26T14:52:00,2024-11-30T09:51:00,2024-11-30T09:51:00,2024-12-31T06:30:00,crm_salesforce
LED-59015,CON-10779,CMP-2079,Black Friday & Cyber Monday – Mega Sale,Meta Ads,Prospect,Prospect,30,534.53,0.05,j.fischer@shopnow.de,Aktiv,Köln,DE,2024-11-30T14:01:00,2024-12-02T00:54:00,2024-12-02T00:54:00,2024-12-31T06:30:00,crm_salesforce
LED-28035,CON-10191,CMP-2079,Black Friday & Cyber Monday – Mega Sale,Meta Ads,Prospect,Prospect,28,165.95,0.05,j.fischer@shopnow.de,At Risk,Dresden,DE,2024-11-27T22:28:00,2024-12-02T06:25:00,2024-12-02T06:25:00,2024-12-31T06:30:00,crm_salesforce
LED-29597,CON-10435,CMP-2079,Black Friday & Cyber Monday – Mega Sale,Meta Ads,MQL,Prospect,52,258.29,0.13,j.fischer@shopnow.de,At Risk,Bielefeld,DE,2024-11-26T16:15:00,2024-11-29T02:18:00,2024-11-29T02:18:00,2024-12-31T06:30:00,crm_salesforce
LED-69914,CON-11286,CMP-2079,Black Friday & Cyber Monday – Mega Sale,Meta Ads,Prospect,Prospect,31,120.91,0.05,j.fischer@shopnow.de,Loyal,Hannover,DE,2024-11-25T14:45:00,2024-11-28T07:12:00,2024-11-28T07:12:00,2024-12-31T06:30:00,crm_salesforce
LED-64600,CON-11056,CMP-2079,Black Friday & Cyber Monday – Mega Sale,Meta Ads,Prospect,Prospect,21,626.53,0.05,j.fischer@shopnow.de,Aktiv,Berlin,DE,2024-11-30T09:33:00,2024-12-02T16:57:00,2024-12-02T16:57:00,2024-12-31T06:30:00,crm_salesforce
LED-58929,CON-10717,CMP-2079,Black Friday & Cyber Monday – Mega Sale,Meta Ads,Prospect,Prospect,44,457.5,0.05,j.fischer@shopnow.de,Loyal,Duisburg,DE,2024-11-30T09:22:00,2024-11-30T20:11:00,2024-11-30T20:11:00,2024-12-31T06:30:00,crm_salesforce
LED-15811,CON-10940,CMP-2079,Black Friday & Cyber Monday – Mega Sale,Meta Ads,MQL,Prospect,54,198.21,0.13,j.fischer@shopnow.de,At Risk,Duisburg,DE,2024-11-27T21:44:00,2024-12-01T10:35:00,2024-12-01T10:35:00,2024-12-31T06:30:00,crm_salesforce
LED-69988,CON-10143,CMP-2079,Black Friday & Cyber Monday – Mega Sale,Meta Ads,Prospect,Prospect,32,299.84,0.06,j.fischer@shopnow.de,Churned,Köln,DE,2024-11-25T13:56:00,2024-11-26T07:55:00,2024-11-26T07:55:00,2024-12-31T06:30:00,crm_salesforce
LED-81176,CON-10711,CMP-2079,Black Friday & Cyber Monday – Mega Sale,Meta Ads,MQL,Prospect,43,192.2,0.12,j.fischer@shopnow.de,VIP,Münster,DE,2024-11-28T16:22:00,2024-11-29T09:39:00,2024-11-29T09:39:00,2024-12-31T06:30:00,crm_salesforce
LED-62431,CON-10556,CMP-2079,Black Friday & Cyber Monday – Mega Sale,Meta Ads,SQL,Prospect,60,656.1,0.23,j.fischer@shopnow.de,Aktiv,Karlsruhe,DE,2024-11-30T12:31:00,2024-12-03T10:54:00,2024-12-03T10:54:00,2024-12-31T06:30:00,crm_salesforce
LED-20828,CON-10608,CMP-2079,Black Friday & Cyber Monday – Mega Sale,Meta Ads,SQL,MQL,65,166.44,0.23,j.fischer@shopnow.de,Aktiv,Stuttgart,DE,2024-12-01T12:34:00,2024-12-03T05:40:00,2024-12-03T05:40:00,2024-12-31T06:30:00,crm_salesforce
LED-68447,CON-10397,CMP-2079,Black Friday & Cyber Monday – Mega Sale,Meta Ads,SQL,Prospect,55,624.62,0.26,j.fischer@shopnow.de,Loyal,Hannover,DE,2024-11-27T21:22:00,2024-12-01T06:08:00,2024-12-01T06:08:00,2024-12-31T06:30:00,crm_salesforce
LED-67008,CON-10600,CMP-2079,Black Friday & Cyber Monday – Mega Sale,Meta Ads,Prospect,Prospect,39,202.81,0.05,j.fischer@shopnow.de,Loyal,Münster,DE,2024-11-26T19:23:00,2024-12-01T07:24:00,2024-12-01T07:24:00,2024-12-31T06:30:00,crm_salesforce
LED-67432,CON-11326,CMP-2079,Black Friday & Cyber Monday – Mega Sale,Meta Ads,Prospect,Prospect,34,208.99,0.06,j.fischer@shopnow.de,Aktiv,Köln,DE,2024-11-28T18:23:00,2024-12-02T03:01:00,2024-12-02T03:01:00,2024-12-31T06:30:00,crm_salesforce
LED-90199,CON-11370,CMP-2086,Weihnachts-Kampagne – Geschenkideen 2024,Google Ads,Prospect,Prospect,34,687.18,0.06,a.mueller@shopnow.de,Churned,St. Gallen,CH,2024-12-07T10:08:00,2024-12-10T07:19:00,2024-12-10T07:19:00,2024-12-31T06:30:00,crm_salesforce
LED-99381,CON-10134,CMP-2086,Weihnachts-Kampagne – Geschenkideen 2024,Google Ads,Churned,Opportunity,85,315.97,0.02,a.mueller@shopnow.de,At Risk,Düsseldorf,DE,2024-12-22T18:45:00,2024-12-23T11:42:00,2024-12-23T11:42:00,2024-12-31T06:30:00,crm_salesforce
LED-93584,CON-11025,CMP-2086,Weihnachts-Kampagne – Geschenkideen 2024,Google Ads,Prospect,Prospect,20,620.03,0.05,a.mueller@shopnow.de,Neukunde,Frankfurt,DE,2024-12-17T14:07:00,2024-12-21T01:22:00,2024-12-21T01:22:00,2024-12-31T06:30:00,crm_salesforce
LED-85009,CON-10251,CMP-2086,Weihnachts-Kampagne – Geschenkideen 2024,Google Ads,MQL,Prospect,48,575.7,0.12,a.mueller@shopnow.de,Aktiv,Luzern,CH,2024-12-20T09:04:00,2024-12-23T04:49:00,2024-12-23T04:49:00,2024-12-31T06:30:00,crm_salesforce
LED-63665,CON-10947,CMP-2086,Weihnachts-Kampagne – Geschenkideen 2024,Google Ads,Opportunity,SQL,67,551.67,0.4,a.mueller@shopnow.de,Neukunde,Duisburg,DE,2024-12-05T17:41:00,2024-12-08T15:10:00,2024-12-08T15:10:00,2024-12-31T06:30:00,crm_salesforce
LED-82260,CON-10652,CMP-2086,Weihnachts-Kampagne – Geschenkideen 2024,Google Ads,SQL,MQL,49,224.87,0.22,a.mueller@shopnow.de,Neukunde,Wels,AT,2024-12-05T20:32:00,2024-12-07T07:05:00,2024-12-07T07:05:00,2024-12-31T06:30:00,crm_salesforce
LED-39552,CON-10711,CMP-2086,Weihnachts-Kampagne – Geschenkideen 2024,Google Ads,MQL,Prospect,51,517.51,0.12,a.mueller@shopnow.de,VIP,Münster,DE,2024-12-03T15:12:00,2024-12-24T06:20:00,2024-12-24T06:20:00,2024-12-31T06:30:00,crm_salesforce
LED-75873,CON-10562,CMP-2086,Weihnachts-Kampagne – Geschenkideen 2024,Google Ads,SQL,MQL,46,665.54,0.22,a.mueller@shopnow.de,At Risk,München,DE,2024-12-06T17:53:00,2024-12-25T02:45:00,2024-12-25T02:45:00,2024-12-31T06:30:00,crm_salesforce
LED-94076,CON-11166,CMP-2086,Weihnachts-Kampagne – Geschenkideen 2024,Google Ads,SQL,Prospect,61,681.18,0.23,a.mueller@shopnow.de,Loyal,Villach,AT,2024-12-21T13:49:00,2024-12-24T21:20:00,2024-12-24T21:20:00,2024-12-31T06:30:00,crm_salesforce
LED-49596,CON-10502,CMP-2086,Weihnachts-Kampagne – Geschenkideen 2024,Google Ads,MQL,Prospect,47,402.56,0.12,a.mueller@shopnow.de,Churned,Hamburg,DE,2024-12-10T21:04:00,2024-12-22T05:14:00,2024-12-22T05:14:00,2024-12-31T06:30:00,crm_salesforce
LED-54589,CON-10444,CMP-2086,Weihnachts-Kampagne – Geschenkideen 2024,Google Ads,SQL,Prospect,60,601.61,0.25,a.mueller@shopnow.de,VIP,Winterthur,CH,2024-12-23T17:46:00,2024-12-25T12:54:00,2024-12-25T12:54:00,2024-12-31T06:30:00,crm_salesforce
LED-51827,CON-10205,CMP-2086,Weihnachts-Kampagne – Geschenkideen 2024,Google Ads,Prospect,Prospect,32,309.93,0.06,a.mueller@shopnow.de,Aktiv,Innsbruck,AT,2024-12-09T21:15:00,2024-12-14T07:18:00,2024-12-14T07:18:00,2024-12-31T06:30:00,crm_salesforce
LED-64805,CON-10045,CMP-2086,Weihnachts-Kampagne – Geschenkideen 2024,Google Ads,Prospect,Prospect,34,747.5,0.05,a.mueller@shopnow.de,Loyal,Mannheim,DE,2024-12-11T17:12:00,2024-12-24T05:43:00,2024-12-24T05:43:00,2024-12-31T06:30:00,crm_salesforce
LED-50441,CON-10331,CMP-2086,Weihnachts-Kampagne – Geschenkideen 2024,Google Ads,MQL,Prospect,47,161.34,0.12,a.mueller@shopnow.de,Churned,Salzburg,AT,2024-12-13T21:15:00,2024-12-17T15:18:00,2024-12-17T15:18:00,2024-12-31T06:30:00,crm_salesforce
LED-95755,CON-10894,CMP-2086,Weihnachts-Kampagne – Geschenkideen 2024,Google Ads,SQL,Prospect,67,677.12,0.24,a.mueller@shopnow.de,Aktiv,Berlin,DE,2024-12-18T07:54:00,2024-12-19T04:02:00,2024-12-19T04:02:00,2024-12-31T06:30:00,crm_salesforce
LED-62855,CON-10928,CMP-2086,Weihnachts-Kampagne – Geschenkideen 2024,Google Ads,MQL,Prospect,46,369.54,0.13,a.mueller@shopnow.de,At Risk,Dresden,DE,2024-12-02T13:23:00,2024-12-20T05:27:00,2024-12-20T05:27:00,2024-12-31T06:30:00,crm_salesforce
LED-46663,CON-10695,CMP-2086,Weihnachts-Kampagne – Geschenkideen 2024,Google Ads,Opportunity,SQL,80,712.15,0.4,a.mueller@shopnow.de,Loyal,Duisburg,DE,2024-12-05T10:25:00,2024-12-17T04:00:00,2024-12-17T04:00:00,2024-12-31T06:30:00,crm_salesforce
LED-88966,CON-11002,CMP-2086,Weihnachts-Kampagne – Geschenkideen 2024,Google Ads,MQL,Prospect,46,423.72,0.11,a.mueller@shopnow.de,Loyal,Köln,DE,2024-12-02T08:08:00,2024-12-25T01:59:00,2024-12-25T01:59:00,2024-12-31T06:30:00,crm_salesforce
LED-77568,CON-10212,CMP-2086,Weihnachts-Kampagne – Geschenkideen 2024,Google Ads,Prospect,Prospect,37,643.54,0.05,a.mueller@shopnow.de,At Risk,Wuppertal,DE,2024-12-06T19:39:00,2024-12-16T13:11:00,2024-12-16T13:11:00,2024-12-31T06:30:00,crm_salesforce
LED-83783,CON-10474,CMP-2086,Weihnachts-Kampagne – Geschenkideen 2024,Google Ads,Prospect,Prospect,43,320.76,0.06,a.mueller@shopnow.de,Aktiv,Salzburg,AT,2024-12-12T17:43:00,2024-12-14T14:20:00,2024-12-14T14:20:00,2024-12-31T06:30:00,crm_salesforce
LED-92478,CON-10465,CMP-2086,Weihnachts-Kampagne – Geschenkideen 2024,Google Ads,Prospect,Prospect,43,455.02,0.05,a.mueller@shopnow.de,VIP,Dresden,DE,2024-12-09T14:46:00,2024-12-11T12:56:00,2024-12-11T12:56:00,2024-12-31T06:30:00,crm_salesforce
LED-59832,CON-10799,CMP-2086,Weihnachts-Kampagne – Geschenkideen 2024,Google Ads,Prospect,Prospect,33,389.64,0.05,a.mueller@shopnow.de,Loyal,Münster,DE,2024-12-02T10:12:00,2024-12-03T07:32:00,2024-12-03T07:32:00,2024-12-31T06:30:00,crm_salesforce
LED-63788,CON-10382,CMP-2086,Weihnachts-Kampagne – Geschenkideen 2024,Google Ads,MQL,Prospect,53,331.53,0.12,a.mueller@shopnow.de,Aktiv,Innsbruck,AT,2024-12-24T08:45:00,2024-12-24T22:20:00,2024-12-24T22:20:00,2024-12-31T06:30:00,crm_salesforce
