contact_id,first_name,last_name,email,phone,city,region,country,latitude,longitude,gender,birth_year,customer_segment,lifetime_value_eur,total_orders,avg_order_value_eur,preferred_category,lead_source,newsletter_opt_in,last_purchase_date,created_at,updated_at,_load_ts,_source_system
CON-20003,Martin,Wolf,martin.wolf@gmx.at,+43 659 4527 6514,Wien,Wien,AT,48.22962,16.347885,m,1994,Loyal,2073.83,13,159.53,Audio & Kopfhörer,Email,nein,2025-12-11,2024-07-03T10:59:00,2025-12-11T09:35:00,2026-05-01T06:30:00,crm_salesforce
CON-20011,Martin,Krüger,martin.krüger@aon.at,+43 655 4814 2654,Wien,Wien,AT,48.178784,16.339634,m,1982,Aktiv,762.73,8,95.34,Laptops & Tablets,Meta Ads,ja,2025-12-04,2024-03-14T12:34:00,2025-12-04T12:29:00,2026-05-01T06:30:00,crm_salesforce
CON-20019,Alexander,Bauer,alexander.bauer@gmail.com,+49 160 7572 5386,Stuttgart,BW,DE,48.746508,9.106142,m,1994,VIP,8522.25,38,224.27,Audio & Kopfhörer,Google Ads,ja,2025-10-05,2022-10-20T15:08:00,2025-10-05T15:47:00,2026-05-01T06:30:00,crm_salesforce
CON-20022,Alexander,Hoffmann,alexander.hoffmann@web.de,+49 151 2796 3504,Köln,NRW,DE,50.93433,6.879825,m,1994,Neukunde,125.05,1,125.05,Smart Home & Wearables,Google Ads,ja,2026-04-21,2026-02-13T15:35:00,2026-02-13T15:35:00,2026-05-01T06:30:00,crm_salesforce
CON-20031,Felix,Mayer,felix.mayer@web.de,+49 178 5315 9201,Düsseldorf,NRW,DE,51.216697,6.854534,m,1977,At Risk,706.15,3,235.38,Audio & Kopfhörer,Organic Search,ja,2025-07-12,2023-06-06T18:48:00,2025-07-12T07:38:00,2026-05-01T06:30:00,crm_salesforce
CON-20038,Markus,Braun,markus.braun@gmail.com,+41 76 187 72 18,Bern,Bern,CH,46.900208,7.507263,m,1975,Churned,303.74,2,151.87,Laptops & Tablets,Email,nein,2025-10-17,2022-06-27T20:13:00,2025-10-17T13:45:00,2026-05-01T06:30:00,crm_salesforce
CON-20047,Jan,Fischer,jan.fischer@t-online.de,+49 160 1344 4770,Nürnberg,Bayern,DE,49.411127,11.030917,m,1986,Neukunde,30.86,1,30.86,Laptops & Tablets,Google Ads,ja,2026-03-27,2025-10-19T14:17:00,2025-10-19T14:17:00,2026-05-01T06:30:00,crm_salesforce
CON-20051,Sophie,Hoffmann,sophie.hoffmann@t-online.de,+49 153 8062 6804,Köln,NRW,DE,50.966543,6.896893,w,1971,Aktiv,773.62,3,257.87,Smartphones,Google Ads,nein,2026-03-18,2024-09-11T13:12:00,2026-03-18T11:27:00,2026-05-01T06:30:00,crm_salesforce
CON-20060,Michael,Huber,michael.huber@gmail.com,+43 656 1828 9856,Wien,Wien,AT,48.2415,16.431545,m,1990,At Risk,1075.2,4,268.8,Laptops & Tablets,Meta Ads,ja,2025-06-01,2023-03-02T12:24:00,2025-06-01T19:16:00,2026-05-01T06:30:00,crm_salesforce
CON-20064,Klaus,Bauer,klaus.bauer@web.de,+49 151 9883 1998,Leipzig,Sachsen,DE,51.306175,12.324247,m,1968,Neukunde,36.86,1,36.86,Smart Home & Wearables,Direct,ja,2026-01-24,2026-02-08T09:54:00,2026-02-08T09:54:00,2026-05-01T06:30:00,crm_salesforce
CON-20073,Nina,Braun,nina.braun@gmail.com,+41 76 529 94 84,Winterthur,Zürich,CH,47.508532,8.676349,w,1981,Neukunde,67.96,1,67.96,Laptops & Tablets,Email,ja,2026-03-24,2026-01-10T11:42:00,2026-01-10T11:42:00,2026-05-01T06:30:00,crm_salesforce
CON-20078,Laura,Schmidt,laura.schmidt@gmail.com,+49 158 3170 6718,Bremen,Bremen,DE,53.033166,8.750077,w,1984,At Risk,1003.42,5,200.68,Audio & Kopfhörer,Google Ads,nein,2025-12-27,2024-09-18T07:42:00,2025-12-27T16:59:00,2026-05-01T06:30:00,crm_salesforce
CON-20087,Marie,Braun,marie.braun@gmail.com,+41 78 308 97 91,Winterthur,Zürich,CH,47.475389,8.766775,w,1982,At Risk,704.33,5,140.87,Smartphones,Google Ads,ja,2025-12-15,2023-02-15T07:21:00,2025-12-15T11:40:00,2026-05-01T06:30:00,crm_salesforce
CON-20096,Sophie,Schmidt,sophie.schmidt@outlook.de,+49 178 3442 9938,Düsseldorf,NRW,DE,51.168691,6.702882,w,1988,VIP,5530.69,37,149.48,Laptops & Tablets,Meta Ads,ja,2025-10-06,2022-03-23T18:13:00,2025-10-06T10:22:00,2026-05-01T06:30:00,crm_salesforce
CON-20102,Martin,Zimmermann,martin.zimmermann@gmail.com,+41 79 125 32 52,Basel,Basel,CH,47.611082,7.638386,m,1971,At Risk,629.37,8,78.67,Laptops & Tablets,Google Ads,nein,2025-09-29,2024-01-27T08:54:00,2025-09-29T14:12:00,2026-05-01T06:30:00,crm_salesforce
CON-20108,Florian,Huber,florian.huber@web.de,+49 152 5573 6753,Dresden,Sachsen,DE,51.039423,13.699226,m,1976,Neukunde,77.96,1,77.96,Smartphones,Google Ads,nein,2026-01-14,2026-02-26T15:02:00,2026-02-26T15:02:00,2026-05-01T06:30:00,crm_salesforce
CON-20115,Martin,Koch,martin.koch@outlook.de,+49 163 1027 9518,Mannheim,BW,DE,49.453995,8.390177,m,1986,Churned,306.15,2,153.07,Audio & Kopfhörer,Meta Ads,nein,2025-07-02,2024-06-30T17:42:00,2025-07-02T16:32:00,2026-05-01T06:30:00,crm_salesforce
CON-20123,Thomas,Hartmann,thomas.hartmann@gmx.at,+43 674 3851 5930,Innsbruck,Tirol,AT,47.235885,11.430377,m,2003,Aktiv,1066.98,7,152.43,Audio & Kopfhörer,Google Ads,nein,2026-03-15,2024-11-25T21:28:00,2026-03-15T13:32:00,2026-05-01T06:30:00,crm_salesforce
CON-20130,Hannah,Hofmann,hannah.hofmann@outlook.de,+49 174 4848 6085,Dresden,Sachsen,DE,51.032583,13.79206,w,1969,Loyal,1658.0,8,207.25,Smartphones,Google Ads,ja,2026-04-19,2024-04-11T20:56:00,2026-04-19T13:45:00,2026-05-01T06:30:00,crm_salesforce
CON-20137,Klaus,Huber,klaus.huber@gmail.com,+49 178 2746 7965,Hannover,Niedersachsen,DE,52.41835,9.79583,m,1972,Loyal,3049.45,19,160.5,Smart Home & Wearables,Meta Ads,ja,2026-01-24,2024-04-12T11:51:00,2026-01-24T17:48:00,2026-05-01T06:30:00,crm_salesforce
CON-20142,Sebastian,Bauer,sebastian.bauer@t-online.de,+49 176 5543 9540,Hamburg,Hamburg,DE,53.569902,10.061141,m,1986,Aktiv,591.4,10,59.14,Smartphones,Organic Search,ja,2025-10-17,2024-11-23T09:08:00,2025-10-17T14:24:00,2026-05-01T06:30:00,crm_salesforce
CON-20149,Sandra,Müller,sandra.müller@t-online.de,+49 163 7381 1320,Nürnberg,Bayern,DE,49.442995,11.027947,w,1989,At Risk,912.48,6,152.08,Gaming,Google Ads,ja,2025-12-09,2025-05-23T20:34:00,2025-12-09T14:31:00,2026-05-01T06:30:00,crm_salesforce
CON-20158,Klaus,Schäfer,klaus.schäfer@t-online.de,+49 179 3091 9751,Stuttgart,BW,DE,48.800036,9.238759,m,1994,VIP,5667.11,38,149.13,Smartphones,Google Ads,ja,2025-12-12,2023-01-08T08:16:00,2025-12-12T17:13:00,2026-05-01T06:30:00,crm_salesforce
CON-20162,Thomas,Hartmann,thomas.hartmann@t-online.de,+49 150 9837 1853,Münster,NRW,DE,51.933919,7.552749,m,1977,Churned,226.98,1,226.98,Smartphones,Organic Search,nein,2025-07-03,2021-02-11T11:15:00,2025-07-03T22:42:00,2026-05-01T06:30:00,crm_salesforce
CON-20171,Lena,Wolf,lena.wolf@aon.at,+43 657 3683 6096,Graz,Steiermark,AT,47.082294,15.478852,w,1990,Loyal,1259.06,12,104.92,Smart Home & Wearables,Email,nein,2026-03-31,2025-01-02T13:04:00,2026-03-31T14:06:00,2026-05-01T06:30:00,crm_salesforce
CON-20180,Lisa,Hoffmann,lisa.hoffmann@aon.at,+43 682 6590 1207,Linz,OÖ,AT,48.299157,14.264763,w,1994,At Risk,957.86,3,319.29,Gaming,Direct,ja,2025-07-16,2024-12-25T11:27:00,2025-07-16T15:39:00,2026-05-01T06:30:00,crm_salesforce
CON-20185,Michael,Müller,michael.müller@gmail.com,+43 655 5569 8385,Innsbruck,Tirol,AT,47.24999,11.363552,m,1985,Loyal,2268.83,17,133.46,Gaming,Meta Ads,ja,2025-11-29,2023-07-06T22:13:00,2025-11-29T15:21:00,2026-05-01T06:30:00,crm_salesforce
CON-20194,Daniel,Schneider,daniel.schneider@gmail.com,+49 167 4937 8800,Köln,NRW,DE,50.905338,6.933949,m,1980,Neukunde,88.9,1,88.9,Smartphones,Meta Ads,ja,2026-03-12,2025-12-18T18:30:00,2025-12-18T18:30:00,2026-05-01T06:30:00,crm_salesforce
CON-20199,Thomas,Schmidt,thomas.schmidt@web.de,+49 153 9779 4033,Frankfurt,Hessen,DE,50.06989,8.630277,m,1983,Loyal,2898.79,12,241.57,Smart Home & Wearables,Direct,ja,2025-09-25,2023-04-13T13:18:00,2025-09-25T18:11:00,2026-05-01T06:30:00,crm_salesforce
CON-20207,Sophie,Bauer,sophie.bauer@gmail.com,+49 154 9042 2680,Berlin,Brandenburg,DE,52.525769,13.440075,w,1968,At Risk,759.25,6,126.54,Gaming,Meta Ads,ja,2025-12-28,2023-09-16T22:07:00,2025-12-28T09:25:00,2026-05-01T06:30:00,crm_salesforce
CON-20211,Karin,Weber,karin.weber@outlook.de,+49 157 2940 7818,Bonn,NRW,DE,50.785954,7.02734,w,1984,Neukunde,124.89,1,124.89,Smart Home & Wearables,Meta Ads,nein,2026-03-14,2026-02-28T20:19:00,2026-02-28T20:19:00,2026-05-01T06:30:00,crm_salesforce
CON-20218,Hannah,Krüger,hannah.krüger@web.de,+49 155 1043 7693,München,Bayern,DE,48.106977,11.590422,w,1994,Aktiv,875.05,7,125.01,Smartphones,Google Ads,nein,2025-12-14,2024-03-13T14:59:00,2025-12-14T13:27:00,2026-05-01T06:30:00,crm_salesforce
CON-20225,Hannah,Zimmermann,hannah.zimmermann@gmail.com,+41 78 549 25 69,Basel,Basel,CH,47.511993,7.63548,w,2003,Neukunde,113.97,1,113.97,Smart Home & Wearables,Email,ja,2026-02-11,2025-10-11T20:47:00,2025-10-11T20:47:00,2026-05-01T06:30:00,crm_salesforce
CON-20232,Hannah,Hoffmann,hannah.hoffmann@gmx.de,+49 155 8708 9502,Berlin,Brandenburg,DE,52.528243,13.451746,w,1970,Neukunde,139.93,1,139.93,Smart Home & Wearables,Meta Ads,nein,2026-02-12,2026-01-29T18:26:00,2026-01-29T18:26:00,2026-05-01T06:30:00,crm_salesforce
CON-20241,Julia,Müller,julia.müller@aon.at,+43 685 1601 8451,Linz,OÖ,AT,48.355029,14.336765,w,1965,Loyal,1780.52,9,197.84,Gaming,Direct,nein,2025-06-28,2024-11-04T21:26:00,2025-06-28T13:33:00,2026-05-01T06:30:00,crm_salesforce
CON-20247,Jan,Schmidt,jan.schmidt@gmail.com,+43 678 8941 2989,Graz,Steiermark,AT,47.076021,15.507383,m,1991,VIP,6965.12,27,257.97,Laptops & Tablets,Meta Ads,ja,2025-07-29,2022-07-10T14:53:00,2025-07-29T21:07:00,2026-05-01T06:30:00,crm_salesforce
CON-20255,Alexander,Becker,alexander.becker@t-online.de,+49 157 8483 3369,Frankfurt,Hessen,DE,50.147086,8.763057,m,1991,Aktiv,1137.49,5,227.5,Smartphones,Google Ads,nein,2025-08-02,2024-12-14T15:52:00,2025-08-02T16:46:00,2026-05-01T06:30:00,crm_salesforce
CON-20261,Sebastian,Zimmermann,sebastian.zimmermann@gmx.de,+49 162 8460 6272,Leipzig,Sachsen,DE,51.321585,12.418592,m,1991,At Risk,1084.62,4,271.15,Smart Home & Wearables,Meta Ads,nein,2025-09-30,2023-02-14T17:47:00,2025-09-30T19:24:00,2026-05-01T06:30:00,crm_salesforce
CON-20269,Markus,Zimmermann,markus.zimmermann@gmx.de,+49 164 2633 9617,Bremen,Bremen,DE,53.119268,8.869042,m,1969,Churned,86.45,2,43.23,Gaming,Direct,nein,2025-09-10,2023-08-20T15:21:00,2025-09-10T09:54:00,2026-05-01T06:30:00,crm_salesforce
CON-20276,Thomas,Schäfer,thomas.schäfer@aon.at,+43 668 4727 2480,Wien,Wien,AT,48.161543,16.395077,m,1966,Aktiv,478.75,4,119.69,Gaming,Google Ads,ja,2025-08-29,2024-02-17T17:50:00,2025-08-29T16:22:00,2026-05-01T06:30:00,crm_salesforce
CON-20283,Tobias,Huber,tobias.huber@web.de,+49 177 7267 4945,Bremen,Bremen,DE,53.043623,8.725928,m,1965,Aktiv,866.53,6,144.42,Gaming,Email,ja,2025-10-20,2025-04-21T16:43:00,2025-10-20T09:28:00,2026-05-01T06:30:00,crm_salesforce
CON-20290,Jan,Müller,jan.müller@gmail.com,+43 680 2747 4886,Salzburg,Salzburg,AT,47.776983,13.036439,m,1990,Aktiv,687.17,7,98.17,Audio & Kopfhörer,Google Ads,nein,2025-08-26,2024-10-08T07:36:00,2025-08-26T22:53:00,2026-05-01T06:30:00,crm_salesforce
CON-20296,Karin,Fischer,karin.fischer@outlook.de,+49 174 3240 2591,Köln,NRW,DE,50.906341,6.993841,w,1973,Churned,351.46,3,117.15,Gaming,Google Ads,ja,2025-09-15,2021-07-04T16:20:00,2025-09-15T12:12:00,2026-05-01T06:30:00,crm_salesforce
CON-20304,Daniel,Koch,daniel.koch@bluewin.ch,+41 78 864 53 24,Basel,Basel,CH,47.604362,7.65976,m,1988,Aktiv,460.24,6,76.71,Gaming,Direct,nein,2025-12-14,2024-04-02T19:00:00,2025-12-14T10:29:00,2026-05-01T06:30:00,crm_salesforce
CON-20313,Martin,Hartmann,martin.hartmann@gmx.at,+43 689 6374 4626,Linz,OÖ,AT,48.325801,14.281164,m,1967,Neukunde,106.25,1,106.25,Audio & Kopfhörer,Email,ja,2026-01-15,2025-10-10T16:31:00,2025-10-10T16:31:00,2026-05-01T06:30:00,crm_salesforce
CON-20318,Nina,Schmidt,nina.schmidt@outlook.de,+49 154 7797 2622,Hannover,Niedersachsen,DE,52.367157,9.774903,w,1993,At Risk,792.52,5,158.5,Smartphones,Email,ja,2025-11-23,2023-08-30T18:06:00,2025-11-23T18:34:00,2026-05-01T06:30:00,crm_salesforce
CON-20324,Nina,Wolf,nina.wolf@t-online.de,+49 170 1349 1828,München,Bayern,DE,48.090957,11.535364,w,2000,At Risk,494.86,4,123.72,Smart Home & Wearables,Google Ads,nein,2025-07-30,2023-08-01T13:52:00,2025-07-30T17:49:00,2026-05-01T06:30:00,crm_salesforce
CON-20332,Marie,Zimmermann,marie.zimmermann@bluewin.ch,+41 76 234 11 55,Winterthur,Zürich,CH,47.532272,8.68758,w,1991,At Risk,490.35,5,98.07,Smartphones,Google Ads,ja,2025-06-17,2024-06-22T10:47:00,2025-06-17T22:28:00,2026-05-01T06:30:00,crm_salesforce
CON-20338,Lena,Koch,lena.koch@gmail.com,+49 171 9543 5941,Bremen,Bremen,DE,53.103867,8.875262,w,1971,Aktiv,1171.22,3,390.41,Gaming,Organic Search,ja,2025-09-11,2025-05-17T21:04:00,2025-09-11T17:38:00,2026-05-01T06:30:00,crm_salesforce
CON-20347,Petra,Wolf,petra.wolf@outlook.de,+49 169 9692 5831,Bremen,Bremen,DE,53.102235,8.780267,w,2000,Aktiv,884.34,4,221.09,Smartphones,Organic Search,ja,2025-11-25,2024-08-08T20:28:00,2025-11-25T20:21:00,2026-05-01T06:30:00,crm_salesforce
CON-20351,Klaus,Braun,klaus.braun@gmx.de,+49 179 8770 2099,Stuttgart,BW,DE,48.762211,9.125916,m,1973,Loyal,1396.34,14,99.74,Smartphones,Organic Search,ja,2026-03-15,2024-07-23T08:37:00,2026-03-15T17:42:00,2026-05-01T06:30:00,crm_salesforce
CON-20360,Thomas,Müller,thomas.müller@gmail.com,+43 686 9313 4485,Wien,Wien,AT,48.219055,16.349734,m,1982,Loyal,2309.04,9,256.56,Audio & Kopfhörer,Organic Search,ja,2026-01-06,2024-08-10T14:51:00,2026-01-06T07:38:00,2026-05-01T06:30:00,crm_salesforce
CON-20367,Petra,Wolf,petra.wolf@gmail.com,+43 659 7566 2140,Linz,OÖ,AT,48.290794,14.234017,w,1991,Loyal,2656.3,8,332.04,Smartphones,Organic Search,ja,2025-12-07,2024-04-09T17:10:00,2025-12-07T16:46:00,2026-05-01T06:30:00,crm_salesforce
CON-20373,Melanie,Weber,melanie.weber@outlook.de,+49 164 7947 8957,Bonn,NRW,DE,50.688726,7.026726,w,1983,Neukunde,79.7,1,79.7,Smart Home & Wearables,Google Ads,ja,2026-03-27,2026-03-23T22:33:00,2026-03-23T22:33:00,2026-05-01T06:30:00,crm_salesforce
CON-20379,Martin,Weber,martin.weber@web.de,+49 159 6375 2965,Frankfurt,Hessen,DE,50.139803,8.726631,m,1997,VIP,7608.58,25,304.34,Laptops & Tablets,Meta Ads,nein,2025-12-21,2025-02-18T18:04:00,2025-12-21T08:27:00,2026-05-01T06:30:00,crm_salesforce
CON-20390,Alexander,Hofmann,alexander.hofmann@gmail.com,+43 676 5743 2887,Innsbruck,Tirol,AT,47.277135,11.437478,m,1988,Aktiv,1172.96,5,234.59,Smart Home & Wearables,Meta Ads,ja,2025-09-24,2024-03-31T20:54:00,2025-09-24T14:27:00,2026-05-01T06:30:00,crm_salesforce
CON-20397,Daniel,Hofmann,daniel.hofmann@gmx.de,+49 152 9363 2868,Frankfurt,Hessen,DE,50.0808,8.729152,m,1974,Aktiv,555.12,8,69.39,Audio & Kopfhörer,Organic Search,nein,2025-12-10,2024-08-29T10:09:00,2025-12-10T13:11:00,2026-05-01T06:30:00,crm_salesforce
CON-20400,Lisa,Hofmann,lisa.hofmann@t-online.de,+49 168 8354 6295,Bonn,NRW,DE,50.733503,7.109087,w,1984,At Risk,801.77,4,200.44,Gaming,Google Ads,ja,2025-06-15,2025-03-26T15:37:00,2025-06-15T18:32:00,2026-05-01T06:30:00,crm_salesforce
CON-20407,Michael,Schmidt,michael.schmidt@gmx.de,+49 177 2479 9307,Stuttgart,BW,DE,48.730041,9.242654,m,1977,Aktiv,864.26,3,288.09,Gaming,Direct,ja,2025-10-17,2024-11-25T22:32:00,2025-10-17T08:28:00,2026-05-01T06:30:00,crm_salesforce
CON-20417,Lukas,Hofmann,lukas.hofmann@gmail.com,+49 164 9586 9564,Hamburg,Hamburg,DE,53.548029,10.003968,m,2003,Neukunde,73.67,1,73.67,Gaming,Meta Ads,ja,2026-02-12,2025-10-14T17:04:00,2025-10-14T17:04:00,2026-05-01T06:30:00,crm_salesforce
CON-20424,Florian,Schulz,florian.schulz@gmx.at,+43 672 6082 7421,Linz,OÖ,AT,48.315845,14.22752,m,1986,Loyal,2830.32,9,314.48,Audio & Kopfhörer,Email,ja,2026-02-25,2025-04-12T11:42:00,2026-02-25T09:41:00,2026-05-01T06:30:00,crm_salesforce
CON-20431,Markus,Fischer,markus.fischer@gmx.de,+49 157 3253 3538,Köln,NRW,DE,50.981697,6.947645,m,1998,VIP,8144.36,23,354.1,Smart Home & Wearables,Organic Search,nein,2026-04-13,2022-03-19T17:56:00,2026-04-13T11:38:00,2026-05-01T06:30:00,crm_salesforce
CON-20437,Petra,Richter,petra.richter@gmx.at,+43 673 4891 8277,Innsbruck,Tirol,AT,47.293112,11.331401,w,1995,Neukunde,120.29,1,120.29,Laptops & Tablets,Email,ja,2026-03-15,2025-11-19T18:43:00,2025-11-19T18:43:00,2026-05-01T06:30:00,crm_salesforce
CON-20445,Daniel,Koch,daniel.koch@web.de,+49 158 1854 8873,Hamburg,Hamburg,DE,53.607869,9.949463,m,1975,At Risk,743.63,3,247.88,Smart Home & Wearables,Organic Search,ja,2025-10-10,2023-10-07T21:57:00,2025-10-10T11:53:00,2026-05-01T06:30:00,crm_salesforce
CON-20450,Melanie,Huber,melanie.huber@gmx.at,+43 673 4862 7326,Linz,OÖ,AT,48.2977,14.26897,w,1986,Churned,237.46,1,237.46,Audio & Kopfhörer,Direct,nein,2025-08-13,2021-10-27T11:02:00,2025-08-13T22:44:00,2026-05-01T06:30:00,crm_salesforce
CON-20460,Michael,Schulz,michael.schulz@gmail.com,+49 167 9647 7934,München,Bayern,DE,48.108713,11.636261,m,2004,Loyal,1862.63,12,155.22,Smartphones,Google Ads,ja,2026-02-11,2024-04-13T09:07:00,2026-02-11T07:40:00,2026-05-01T06:30:00,crm_salesforce
CON-20463,Sophie,Zimmermann,sophie.zimmermann@outlook.de,+49 155 2402 9576,Berlin,Brandenburg,DE,52.504088,13.417555,w,1989,Churned,108.43,1,108.43,Gaming,Direct,ja,2025-06-05,2023-02-04T15:47:00,2025-06-05T18:50:00,2026-05-01T06:30:00,crm_salesforce
CON-20470,Stefan,Braun,stefan.braun@gmx.at,+43 691 3868 8612,Linz,OÖ,AT,48.257639,14.293279,m,1994,Churned,280.98,2,140.49,Laptops & Tablets,Google Ads,nein,2025-06-12,2021-03-17T16:12:00,2025-06-12T13:56:00,2026-05-01T06:30:00,crm_salesforce
CON-20480,Alexander,Becker,alexander.becker@outlook.de,+49 170 4131 5687,Münster,NRW,DE,51.957824,7.544804,m,1990,Aktiv,1024.67,8,128.08,Audio & Kopfhörer,Google Ads,ja,2025-11-04,2025-03-26T19:21:00,2025-11-04T22:44:00,2026-05-01T06:30:00,crm_salesforce
CON-20486,Alexander,Koch,alexander.koch@t-online.de,+49 176 3956 9937,München,Bayern,DE,48.089579,11.598596,m,1992,Aktiv,482.08,8,60.26,Audio & Kopfhörer,Meta Ads,ja,2026-03-17,2024-06-19T21:22:00,2026-03-17T08:46:00,2026-05-01T06:30:00,crm_salesforce
CON-20494,Florian,Weber,florian.weber@t-online.de,+49 171 3621 1510,Dresden,Sachsen,DE,51.035623,13.78908,m,1988,Loyal,2597.42,20,129.87,Gaming,Google Ads,ja,2025-06-17,2024-01-06T19:36:00,2025-06-17T11:43:00,2026-05-01T06:30:00,crm_salesforce
CON-20500,Thomas,Schmidt,thomas.schmidt@gmx.at,+43 691 5566 5089,Innsbruck,Tirol,AT,47.272385,11.387855,m,1972,Churned,90.88,2,45.44,Gaming,Meta Ads,nein,2025-09-23,2022-06-21T15:45:00,2025-09-23T13:39:00,2026-05-01T06:30:00,crm_salesforce
CON-20506,Stefan,Braun,stefan.braun@t-online.de,+49 152 6236 6692,München,Bayern,DE,48.099711,11.616564,m,2005,Neukunde,96.0,1,96.0,Audio & Kopfhörer,Organic Search,nein,2026-01-29,2025-11-14T18:32:00,2025-11-14T18:32:00,2026-05-01T06:30:00,crm_salesforce
CON-20515,Lisa,Schäfer,lisa.schäfer@outlook.de,+49 167 3126 2412,Nürnberg,Bayern,DE,49.437928,11.127199,w,2001,VIP,5689.88,35,162.57,Smart Home & Wearables,Meta Ads,ja,2026-04-25,2022-06-01T11:20:00,2026-04-25T09:28:00,2026-05-01T06:30:00,crm_salesforce
CON-20521,Tobias,Bauer,tobias.bauer@web.de,+49 151 3034 9488,Hamburg,Hamburg,DE,53.568015,10.090079,m,1983,Loyal,1578.71,13,121.44,Laptops & Tablets,Meta Ads,nein,2025-09-09,2025-05-16T09:16:00,2025-09-09T15:08:00,2026-05-01T06:30:00,crm_salesforce
CON-20528,Sabine,Richter,sabine.richter@web.de,+49 178 6531 1674,Bremen,Bremen,DE,53.043754,8.824102,w,2001,At Risk,322.7,3,107.57,Smart Home & Wearables,Google Ads,ja,2025-11-08,2024-03-02T07:31:00,2025-11-08T16:41:00,2026-05-01T06:30:00,crm_salesforce
CON-20535,Stefan,Hartmann,stefan.hartmann@gmail.com,+49 164 4342 6573,München,Bayern,DE,48.098136,11.568332,m,1988,Neukunde,67.51,1,67.51,Audio & Kopfhörer,Direct,ja,2026-01-31,2026-02-09T10:20:00,2026-02-09T10:20:00,2026-05-01T06:30:00,crm_salesforce
CON-20543,Stefan,Zimmermann,stefan.zimmermann@t-online.de,+49 177 3616 6364,Frankfurt,Hessen,DE,50.150269,8.6683,m,1996,Churned,382.87,2,191.44,Laptops & Tablets,Meta Ads,ja,2025-06-24,2022-09-24T22:01:00,2025-06-24T19:32:00,2026-05-01T06:30:00,crm_salesforce
CON-20551,Anna,Hoffmann,anna.hoffmann@gmx.de,+49 170 8710 5681,Berlin,Brandenburg,DE,52.519448,13.472929,w,1990,Aktiv,1077.74,9,119.75,Laptops & Tablets,Direct,nein,2025-08-27,2025-01-09T08:25:00,2025-08-27T13:23:00,2026-05-01T06:30:00,crm_salesforce
CON-20555,Jonas,Hartmann,jonas.hartmann@outlook.de,+49 171 2946 3108,Bonn,NRW,DE,50.713586,7.181747,m,1977,Churned,245.44,3,81.81,Smart Home & Wearables,Direct,nein,2025-06-11,2024-05-18T19:32:00,2025-06-11T08:02:00,2026-05-01T06:30:00,crm_salesforce
CON-20561,Felix,Schäfer,felix.schäfer@outlook.de,+49 179 6218 3662,Hamburg,Hamburg,DE,53.617801,9.949714,m,1999,Aktiv,893.2,7,127.6,Smart Home & Wearables,Meta Ads,nein,2025-08-09,2025-05-16T16:30:00,2025-08-09T18:21:00,2026-05-01T06:30:00,crm_salesforce
CON-20571,Martin,Becker,martin.becker@aon.at,+43 699 4728 1841,Wien,Wien,AT,48.205453,16.449569,m,2001,Neukunde,50.46,1,50.46,Laptops & Tablets,Organic Search,ja,2026-01-03,2026-03-29T10:12:00,2026-03-29T10:12:00,2026-05-01T06:30:00,crm_salesforce
CON-20576,Nina,Krüger,nina.krüger@outlook.de,+49 173 2020 3262,Bonn,NRW,DE,50.782862,7.161885,w,1994,Aktiv,848.71,10,84.87,Smart Home & Wearables,Meta Ads,nein,2025-12-14,2024-12-16T18:43:00,2025-12-14T22:12:00,2026-05-01T06:30:00,crm_salesforce
CON-20584,Daniel,Becker,daniel.becker@gmx.de,+49 165 6194 8861,Frankfurt,Hessen,DE,50.133051,8.71417,m,1989,Aktiv,1146.96,7,163.85,Audio & Kopfhörer,Google Ads,ja,2025-10-14,2025-02-08T18:49:00,2025-10-14T16:02:00,2026-05-01T06:30:00,crm_salesforce
CON-20592,Julia,Schmidt,julia.schmidt@t-online.de,+49 158 5450 3249,Hannover,Niedersachsen,DE,52.34498,9.790076,w,1979,Loyal,2904.05,11,264.0,Laptops & Tablets,Google Ads,nein,2025-07-22,2024-10-15T14:03:00,2025-07-22T20:21:00,2026-05-01T06:30:00,crm_salesforce
CON-20597,Hannah,Zimmermann,hannah.zimmermann@web.de,+49 178 8793 8822,Nürnberg,Bayern,DE,49.442036,11.149045,w,1970,Neukunde,120.71,1,120.71,Audio & Kopfhörer,Meta Ads,ja,2026-04-05,2026-03-16T14:34:00,2026-03-16T14:34:00,2026-05-01T06:30:00,crm_salesforce
CON-20604,Alexander,Richter,alexander.richter@bluewin.ch,+41 78 997 14 11,Zürich,Zürich,CH,47.408031,8.491621,m,1998,Aktiv,882.23,8,110.28,Audio & Kopfhörer,Meta Ads,ja,2026-04-16,2025-05-20T11:54:00,2026-04-16T21:17:00,2026-05-01T06:30:00,crm_salesforce
CON-20612,Julia,Richter,julia.richter@aon.at,+43 668 4164 3875,Linz,OÖ,AT,48.272976,14.324259,w,1971,Neukunde,106.65,1,106.65,Gaming,Meta Ads,ja,2026-02-11,2025-11-17T11:30:00,2025-11-17T11:30:00,2026-05-01T06:30:00,crm_salesforce
CON-20618,Stefan,Schmidt,stefan.schmidt@gmail.com,+43 666 6890 4871,Linz,OÖ,AT,48.315815,14.297645,m,1984,VIP,4150.24,29,143.11,Laptops & Tablets,Meta Ads,ja,2026-04-11,2022-08-29T16:23:00,2026-04-11T14:14:00,2026-05-01T06:30:00,crm_salesforce
CON-20628,Tobias,Schmidt,tobias.schmidt@gmail.com,+43 680 9806 4578,Innsbruck,Tirol,AT,47.260102,11.411944,m,1988,At Risk,844.27,7,120.61,Smartphones,Meta Ads,ja,2025-12-30,2023-03-21T10:03:00,2025-12-30T13:36:00,2026-05-01T06:30:00,crm_salesforce
CON-20631,Petra,Mayer,petra.mayer@gmx.at,+43 681 2489 9361,Salzburg,Salzburg,AT,47.828991,13.089918,w,2000,Aktiv,444.51,5,88.9,Smart Home & Wearables,Meta Ads,ja,2025-08-12,2025-04-18T16:46:00,2025-08-12T19:16:00,2026-05-01T06:30:00,crm_salesforce
CON-20640,Karin,Hofmann,karin.hofmann@gmail.com,+49 178 2130 8734,Stuttgart,BW,DE,48.78025,9.110761,w,1993,VIP,5748.77,24,239.53,Gaming,Meta Ads,nein,2026-03-04,2024-02-13T19:05:00,2026-03-04T11:41:00,2026-05-01T06:30:00,crm_salesforce
CON-20646,Petra,Bauer,petra.bauer@web.de,+49 159 8585 9920,Hamburg,Hamburg,DE,53.611497,10.061943,w,1977,Aktiv,703.42,6,117.24,Laptops & Tablets,Meta Ads,ja,2026-03-03,2024-04-25T08:51:00,2026-03-03T07:15:00,2026-05-01T06:30:00,crm_salesforce
CON-20656,Sandra,Schulz,sandra.schulz@gmail.com,+49 164 4839 9843,Bremen,Bremen,DE,53.051704,8.719677,w,2001,Loyal,3186.58,8,398.32,Laptops & Tablets,Meta Ads,ja,2025-11-02,2023-11-23T17:15:00,2025-11-02T11:42:00,2026-05-01T06:30:00,crm_salesforce
CON-20663,Nina,Becker,nina.becker@outlook.de,+49 170 7999 9120,Nürnberg,Bayern,DE,49.49315,11.145145,w,1991,VIP,5394.28,40,134.86,Gaming,Organic Search,ja,2025-12-10,2024-04-16T11:19:00,2025-12-10T12:48:00,2026-05-01T06:30:00,crm_salesforce
CON-20669,Stefan,Huber,stefan.huber@web.de,+49 167 7761 7824,Hannover,Niedersachsen,DE,52.408957,9.805445,m,1993,Aktiv,507.27,6,84.55,Audio & Kopfhörer,Google Ads,ja,2025-11-06,2025-01-14T09:34:00,2025-11-06T08:17:00,2026-05-01T06:30:00,crm_salesforce
CON-20675,Sarah,Hofmann,sarah.hofmann@outlook.de,+49 165 4422 6455,Bonn,NRW,DE,50.761649,7.108253,w,1995,Aktiv,1127.2,6,187.87,Laptops & Tablets,Direct,ja,2025-12-01,2024-09-05T13:25:00,2025-12-01T17:49:00,2026-05-01T06:30:00,crm_salesforce
CON-20681,Michael,Bauer,michael.bauer@gmx.de,+49 164 2615 8692,Frankfurt,Hessen,DE,50.095726,8.746633,m,1979,At Risk,556.19,4,139.05,Audio & Kopfhörer,Meta Ads,ja,2025-08-06,2025-01-29T11:01:00,2025-08-06T20:18:00,2026-05-01T06:30:00,crm_salesforce
CON-20691,Julia,Huber,julia.huber@web.de,+49 171 6530 5216,Münster,NRW,DE,51.960624,7.653225,w,1987,At Risk,690.9,8,86.36,Gaming,Meta Ads,nein,2025-10-18,2023-06-23T11:46:00,2025-10-18T22:11:00,2026-05-01T06:30:00,crm_salesforce
CON-20694,Sabine,Weber,sabine.weber@aon.at,+43 658 4791 2113,Wien,Wien,AT,48.159391,16.293725,w,2004,Neukunde,31.1,1,31.1,Audio & Kopfhörer,Google Ads,ja,2026-01-01,2026-02-01T22:01:00,2026-02-01T22:01:00,2026-05-01T06:30:00,crm_salesforce
CON-20702,Daniel,Becker,daniel.becker@t-online.de,+49 153 2578 9591,Münster,NRW,DE,51.993799,7.697992,m,1990,Loyal,1641.44,16,102.59,Audio & Kopfhörer,Organic Search,ja,2026-01-22,2023-03-22T18:25:00,2026-01-22T14:44:00,2026-05-01T06:30:00,crm_salesforce
CON-20709,Jan,Hofmann,jan.hofmann@gmail.com,+49 167 8798 1919,Münster,NRW,DE,51.916754,7.604918,m,1986,Neukunde,114.34,1,114.34,Gaming,Organic Search,ja,2026-03-09,2026-02-22T10:57:00,2026-02-22T10:57:00,2026-05-01T06:30:00,crm_salesforce
CON-20716,Florian,Weber,florian.weber@outlook.com,+41 78 116 36 85,Bern,Bern,CH,46.954866,7.373429,m,2001,Loyal,3087.59,14,220.54,Smartphones,Meta Ads,ja,2026-03-04,2025-05-04T19:43:00,2026-03-04T17:24:00,2026-05-01T06:30:00,crm_salesforce
CON-20726,Sabine,Fischer,sabine.fischer@web.de,+49 174 7499 6347,Düsseldorf,NRW,DE,51.258313,6.748684,w,1989,VIP,5003.3,34,147.16,Gaming,Google Ads,ja,2026-03-27,2024-06-03T12:43:00,2026-03-27T19:05:00,2026-05-01T06:30:00,crm_salesforce
CON-20733,Felix,Huber,felix.huber@gmail.com,+43 690 3527 7383,Wien,Wien,AT,48.170818,16.408138,m,1971,Aktiv,485.24,3,161.75,Audio & Kopfhörer,Meta Ads,nein,2026-03-09,2024-05-15T09:11:00,2026-03-09T21:35:00,2026-05-01T06:30:00,crm_salesforce
CON-20738,Jonas,Schneider,jonas.schneider@gmail.com,+49 177 7311 1202,Nürnberg,Bayern,DE,49.462578,11.124002,m,2001,Aktiv,710.24,4,177.56,Smart Home & Wearables,Direct,nein,2025-10-11,2024-06-22T19:10:00,2025-10-11T15:19:00,2026-05-01T06:30:00,crm_salesforce
CON-20745,Tobias,Hofmann,tobias.hofmann@t-online.de,+49 161 5123 5040,Frankfurt,Hessen,DE,50.089252,8.729751,m,1990,Neukunde,89.5,1,89.5,Gaming,Google Ads,ja,2026-04-21,2025-12-25T19:51:00,2025-12-25T19:51:00,2026-05-01T06:30:00,crm_salesforce
CON-20754,Sebastian,Schulz,sebastian.schulz@outlook.de,+49 160 3910 7524,Stuttgart,BW,DE,48.824154,9.133826,m,1982,Churned,202.41,4,50.6,Smart Home & Wearables,Organic Search,ja,2025-10-23,2023-03-16T18:07:00,2025-10-23T13:37:00,2026-05-01T06:30:00,crm_salesforce
CON-20760,Hannah,Bauer,hannah.bauer@t-online.de,+49 175 5773 2133,Hannover,Niedersachsen,DE,52.423789,9.680582,w,1981,At Risk,936.53,6,156.09,Gaming,Google Ads,ja,2025-09-17,2024-11-05T11:45:00,2025-09-17T19:04:00,2026-05-01T06:30:00,crm_salesforce
CON-20764,Martin,Hartmann,martin.hartmann@t-online.de,+49 161 9796 2392,Mannheim,BW,DE,49.492218,8.514381,m,2001,Loyal,1770.93,18,98.39,Audio & Kopfhörer,Google Ads,ja,2025-11-17,2024-10-22T19:48:00,2025-11-17T20:06:00,2026-05-01T06:30:00,crm_salesforce
CON-20773,Marie,Huber,marie.huber@outlook.de,+49 164 7129 7408,Nürnberg,Bayern,DE,49.460805,11.089212,w,1983,Aktiv,943.64,5,188.73,Audio & Kopfhörer,Direct,ja,2025-10-12,2025-03-01T09:07:00,2025-10-12T18:19:00,2026-05-01T06:30:00,crm_salesforce
CON-20781,Felix,Krüger,felix.krüger@t-online.de,+49 164 6225 2100,Stuttgart,BW,DE,48.7323,9.219317,m,1975,Aktiv,1048.15,4,262.04,Smartphones,Organic Search,ja,2025-10-21,2024-09-06T12:35:00,2025-10-21T17:35:00,2026-05-01T06:30:00,crm_salesforce
CON-20787,Stefan,Hartmann,stefan.hartmann@t-online.de,+49 178 4232 8365,Hamburg,Hamburg,DE,53.564012,10.058522,m,1969,Neukunde,76.66,1,76.66,Laptops & Tablets,Google Ads,nein,2026-04-22,2026-02-25T10:51:00,2026-02-25T10:51:00,2026-05-01T06:30:00,crm_salesforce
CON-20793,Lena,Braun,lena.braun@t-online.de,+49 169 7367 7431,Münster,NRW,DE,51.963696,7.650506,w,1984,Neukunde,71.75,1,71.75,Smart Home & Wearables,Google Ads,ja,2026-01-18,2026-03-07T09:43:00,2026-03-07T09:43:00,2026-05-01T06:30:00,crm_salesforce
CON-20801,Jonas,Richter,jonas.richter@outlook.de,+49 168 7286 7931,Hamburg,Hamburg,DE,53.563242,10.032856,m,1973,Loyal,2661.65,19,140.09,Laptops & Tablets,Email,ja,2026-01-17,2023-07-11T17:53:00,2026-01-17T08:55:00,2026-05-01T06:30:00,crm_salesforce
CON-20809,Lena,Zimmermann,lena.zimmermann@outlook.de,+49 171 9056 7809,Düsseldorf,NRW,DE,51.222288,6.775332,w,1979,Neukunde,83.26,1,83.26,Smartphones,Email,nein,2026-01-29,2025-12-14T08:17:00,2025-12-14T08:17:00,2026-05-01T06:30:00,crm_salesforce
CON-20813,Daniel,Koch,daniel.koch@gmx.de,+49 161 9880 1681,München,Bayern,DE,48.164842,11.634368,m,1980,At Risk,653.09,4,163.27,Gaming,Google Ads,nein,2025-08-07,2023-11-01T08:28:00,2025-08-07T18:55:00,2026-05-01T06:30:00,crm_salesforce
CON-20824,Sebastian,Braun,sebastian.braun@gmx.at,+43 672 8015 3719,Graz,Steiermark,AT,47.104289,15.453456,m,2003,Neukunde,124.18,1,124.18,Smartphones,Email,ja,2026-04-01,2026-02-15T12:20:00,2026-02-15T12:20:00,2026-05-01T06:30:00,crm_salesforce
CON-20830,Sebastian,Koch,sebastian.koch@gmail.com,+41 76 383 93 26,Zürich,Zürich,CH,47.426929,8.58731,m,1990,Neukunde,45.92,1,45.92,Audio & Kopfhörer,Organic Search,nein,2026-03-22,2026-02-03T11:36:00,2026-02-03T11:36:00,2026-05-01T06:30:00,crm_salesforce
CON-20836,Michael,Hofmann,michael.hofmann@gmail.com,+49 172 7046 8449,Mannheim,BW,DE,49.476997,8.507572,m,1987,Churned,217.46,1,217.46,Smartphones,Organic Search,ja,2025-09-18,2021-05-10T19:13:00,2025-09-18T13:31:00,2026-05-01T06:30:00,crm_salesforce
CON-20843,Sebastian,Becker,sebastian.becker@web.de,+49 160 1793 1752,Bremen,Bremen,DE,53.08645,8.799061,m,1993,Loyal,3002.95,15,200.2,Smartphones,Google Ads,nein,2025-09-12,2024-04-12T07:27:00,2025-09-12T11:56:00,2026-05-01T06:30:00,crm_salesforce
CON-20851,Sarah,Wolf,sarah.wolf@gmx.de,+49 170 3711 1848,Stuttgart,BW,DE,48.730656,9.209887,w,1965,Aktiv,644.41,6,107.4,Gaming,Email,nein,2025-10-07,2024-08-06T22:04:00,2025-10-07T14:33:00,2026-05-01T06:30:00,crm_salesforce
CON-20856,Laura,Mayer,laura.mayer@aon.at,+43 674 2463 2678,Salzburg,Salzburg,AT,47.769735,12.985916,w,1973,Loyal,2045.39,12,170.45,Laptops & Tablets,Meta Ads,nein,2026-02-27,2024-10-18T11:04:00,2026-02-27T07:39:00,2026-05-01T06:30:00,crm_salesforce
CON-20866,Thomas,Krüger,thomas.krüger@t-online.de,+49 156 2420 2646,Hamburg,Hamburg,DE,53.587849,10.00481,m,1973,Loyal,1483.26,19,78.07,Gaming,Meta Ads,ja,2025-07-14,2023-09-11T15:41:00,2025-07-14T14:35:00,2026-05-01T06:30:00,crm_salesforce
CON-20871,Felix,Schneider,felix.schneider@gmx.at,+43 697 7418 5842,Linz,OÖ,AT,48.308819,14.287348,m,2005,Neukunde,124.06,1,124.06,Gaming,Meta Ads,ja,2026-04-24,2026-03-02T09:33:00,2026-03-02T09:33:00,2026-05-01T06:30:00,crm_salesforce
CON-20879,Nina,Hoffmann,nina.hoffmann@web.de,+49 174 2195 1273,Nürnberg,Bayern,DE,49.480503,11.152275,w,1990,Neukunde,31.66,1,31.66,Smartphones,Direct,nein,2026-04-02,2026-02-07T16:40:00,2026-02-07T16:40:00,2026-05-01T06:30:00,crm_salesforce
CON-20887,Hannah,Bauer,hannah.bauer@gmx.de,+49 179 4329 3545,Hamburg,Hamburg,DE,53.530283,9.938652,w,1980,Aktiv,712.59,4,178.15,Audio & Kopfhörer,Email,nein,2026-03-11,2024-02-29T14:05:00,2026-03-11T10:29:00,2026-05-01T06:30:00,crm_salesforce
CON-20893,Marie,Richter,marie.richter@web.de,+49 161 9568 9474,Hannover,Niedersachsen,DE,52.397684,9.672469,w,1982,At Risk,876.61,4,219.15,Audio & Kopfhörer,Google Ads,nein,2025-06-08,2025-01-20T10:49:00,2025-06-08T17:51:00,2026-05-01T06:30:00,crm_salesforce
CON-20900,Daniel,Hofmann,daniel.hofmann@gmail.com,+49 151 9185 3734,Bremen,Bremen,DE,53.078884,8.80364,m,1997,Aktiv,604.09,4,151.02,Smart Home & Wearables,Email,ja,2025-08-07,2024-01-03T08:54:00,2025-08-07T14:02:00,2026-05-01T06:30:00,crm_salesforce
CON-20904,Klaus,Zimmermann,klaus.zimmermann@gmail.com,+49 173 7870 4678,Münster,NRW,DE,51.966415,7.698724,m,1972,Aktiv,733.01,8,91.63,Audio & Kopfhörer,Organic Search,ja,2025-11-23,2025-05-29T08:11:00,2025-11-23T08:25:00,2026-05-01T06:30:00,crm_salesforce
CON-20912,Sebastian,Becker,sebastian.becker@gmail.com,+43 673 4287 5777,Linz,OÖ,AT,48.262185,14.27877,m,1977,Neukunde,66.47,1,66.47,Gaming,Meta Ads,nein,2026-01-01,2026-04-06T14:09:00,2026-04-06T14:09:00,2026-05-01T06:30:00,crm_salesforce
CON-20918,Jan,Schneider,jan.schneider@outlook.com,+41 78 206 36 77,Zürich,Zürich,CH,47.363524,8.579709,m,1979,Churned,256.32,1,256.32,Laptops & Tablets,Organic Search,ja,2025-09-04,2023-12-01T20:44:00,2025-09-04T21:47:00,2026-05-01T06:30:00,crm_salesforce
CON-20926,Sabine,Zimmermann,sabine.zimmermann@gmail.com,+49 171 3141 4879,Düsseldorf,NRW,DE,51.231635,6.700645,w,1969,Aktiv,1080.73,9,120.08,Audio & Kopfhörer,Meta Ads,ja,2025-09-25,2024-07-26T11:49:00,2025-09-25T11:06:00,2026-05-01T06:30:00,crm_salesforce
CON-20935,Michael,Mayer,michael.mayer@gmx.de,+49 159 8591 5341,Nürnberg,Bayern,DE,49.502331,11.02808,m,1967,At Risk,372.34,8,46.54,Audio & Kopfhörer,Organic Search,ja,2025-06-24,2023-08-09T17:09:00,2025-06-24T14:22:00,2026-05-01T06:30:00,crm_salesforce
CON-20939,Hannah,Becker,hannah.becker@gmail.com,+49 167 5093 2551,Hamburg,Hamburg,DE,53.624175,10.079863,w,1979,Aktiv,1043.12,5,208.62,Smartphones,Google Ads,nein,2026-02-22,2024-05-13T13:52:00,2026-02-22T18:43:00,2026-05-01T06:30:00,crm_salesforce
CON-20947,Alexander,Hofmann,alexander.hofmann@web.de,+49 154 2506 6432,München,Bayern,DE,48.178613,11.572836,m,1990,Loyal,3367.25,8,420.91,Laptops & Tablets,Direct,ja,2026-01-05,2024-05-23T07:24:00,2026-01-05T12:22:00,2026-05-01T06:30:00,crm_salesforce
CON-20956,Marie,Wolf,marie.wolf@gmail.com,+49 170 5835 9173,Hamburg,Hamburg,DE,53.587636,10.036598,w,1977,Aktiv,840.55,3,280.18,Smartphones,Google Ads,ja,2026-01-31,2024-09-12T07:24:00,2026-01-31T22:34:00,2026-05-01T06:30:00,crm_salesforce
CON-20960,Alexander,Hoffmann,alexander.hoffmann@gmx.de,+49 157 1480 5602,Düsseldorf,NRW,DE,51.187085,6.744936,m,1975,VIP,8953.42,36,248.71,Audio & Kopfhörer,Organic Search,nein,2025-10-02,2022-07-25T14:42:00,2025-10-02T15:34:00,2026-05-01T06:30:00,crm_salesforce
CON-20967,Karin,Hartmann,karin.hartmann@web.de,+49 175 6878 1462,Münster,NRW,DE,51.925684,7.642332,w,1996,Neukunde,72.2,1,72.2,Smart Home & Wearables,Direct,nein,2026-03-04,2026-02-16T16:11:00,2026-02-16T16:11:00,2026-05-01T06:30:00,crm_salesforce
CON-20976,Karin,Huber,karin.huber@gmail.com,+49 175 3137 6582,Leipzig,Sachsen,DE,51.321509,12.392852,w,1974,Neukunde,140.25,1,140.25,Smartphones,Google Ads,ja,2026-03-09,2026-04-17T10:54:00,2026-04-17T10:54:00,2026-05-01T06:30:00,crm_salesforce
CON-20982,Martin,Braun,martin.braun@web.de,+49 163 8982 6198,Stuttgart,BW,DE,48.827244,9.221017,m,2002,Loyal,3428.11,19,180.43,Smart Home & Wearables,Organic Search,ja,2025-11-05,2025-04-14T12:24:00,2025-11-05T16:08:00,2026-05-01T06:30:00,crm_salesforce
CON-20989,Sophie,Hoffmann,sophie.hoffmann@outlook.de,+49 179 4619 2705,Bonn,NRW,DE,50.686847,7.11569,w,2005,Churned,139.07,1,139.07,Laptops & Tablets,Meta Ads,ja,2025-06-03,2021-07-01T17:28:00,2025-06-03T15:13:00,2026-05-01T06:30:00,crm_salesforce
CON-20995,Julia,Wolf,julia.wolf@gmx.at,+43 660 7783 9078,Wien,Wien,AT,48.195869,16.41153,w,2001,At Risk,580.98,6,96.83,Smartphones,Organic Search,nein,2025-09-24,2024-10-28T14:10:00,2025-09-24T09:51:00,2026-05-01T06:30:00,crm_salesforce
CON-21002,Markus,Mayer,markus.mayer@gmail.com,+49 155 2228 9962,München,Bayern,DE,48.117998,11.644841,m,1966,Churned,490.78,3,163.59,Smart Home & Wearables,Direct,nein,2025-09-20,2023-06-03T12:38:00,2025-09-20T12:03:00,2026-05-01T06:30:00,crm_salesforce
CON-21010,Stefan,Krüger,stefan.krüger@outlook.de,+49 157 2571 1813,Nürnberg,Bayern,DE,49.426723,11.040368,m,1970,Aktiv,839.73,10,83.97,Laptops & Tablets,Google Ads,ja,2025-09-19,2024-10-28T22:12:00,2025-09-19T07:13:00,2026-05-01T06:30:00,crm_salesforce
CON-21016,Jonas,Schäfer,jonas.schäfer@gmail.com,+43 666 2493 9914,Linz,OÖ,AT,48.303759,14.349981,m,1993,Aktiv,696.82,9,77.42,Audio & Kopfhörer,Google Ads,ja,2025-12-16,2025-04-21T15:14:00,2025-12-16T08:09:00,2026-05-01T06:30:00,crm_salesforce
CON-21026,Hannah,Fischer,hannah.fischer@aon.at,+43 674 9561 7858,Salzburg,Salzburg,AT,47.780042,12.984331,w,1970,Churned,368.57,4,92.14,Smart Home & Wearables,Direct,ja,2025-10-25,2023-03-20T08:32:00,2025-10-25T11:07:00,2026-05-01T06:30:00,crm_salesforce
CON-21034,Petra,Krüger,petra.krüger@gmx.at,+43 677 4308 3422,Graz,Steiermark,AT,47.062416,15.517003,w,2000,At Risk,506.31,8,63.29,Smartphones,Google Ads,ja,2025-09-26,2023-11-30T15:33:00,2025-09-26T07:50:00,2026-05-01T06:30:00,crm_salesforce
CON-21038,Jonas,Müller,jonas.müller@outlook.de,+49 153 2730 2654,Bremen,Bremen,DE,53.088238,8.885355,m,2001,At Risk,993.98,5,198.8,Gaming,Google Ads,ja,2025-07-15,2024-09-15T22:02:00,2025-07-15T15:25:00,2026-05-01T06:30:00,crm_salesforce
CON-21047,Markus,Hartmann,markus.hartmann@outlook.com,+41 78 481 12 53,Bern,Bern,CH,46.91963,7.486318,m,1979,At Risk,542.44,5,108.49,Gaming,Organic Search,ja,2025-09-22,2023-05-18T16:47:00,2025-09-22T17:17:00,2026-05-01T06:30:00,crm_salesforce
CON-21051,Anna,Schmidt,anna.schmidt@t-online.de,+49 177 7126 1920,Münster,NRW,DE,51.986748,7.671626,w,1998,Aktiv,527.18,7,75.31,Smart Home & Wearables,Meta Ads,nein,2025-11-11,2024-01-30T12:12:00,2025-11-11T08:15:00,2026-05-01T06:30:00,crm_salesforce
CON-21058,Markus,Fischer,markus.fischer@gmail.com,+43 690 3029 1500,Linz,OÖ,AT,48.341874,14.286633,m,2000,Loyal,2324.21,15,154.95,Laptops & Tablets,Direct,ja,2025-10-11,2023-12-25T18:10:00,2025-10-11T09:18:00,2026-05-01T06:30:00,crm_salesforce
CON-21067,Markus,Richter,markus.richter@gmx.at,+43 667 7709 9409,Graz,Steiermark,AT,47.086633,15.467705,m,2003,VIP,7791.67,20,389.58,Gaming,Direct,ja,2026-04-08,2022-01-18T14:16:00,2026-04-08T16:45:00,2026-05-01T06:30:00,crm_salesforce
CON-21074,Alexander,Hartmann,alexander.hartmann@gmail.com,+43 683 7506 2676,Salzburg,Salzburg,AT,47.779036,13.023151,m,1984,VIP,8996.86,31,290.22,Smart Home & Wearables,Email,ja,2025-11-20,2022-08-10T22:04:00,2025-11-20T15:40:00,2026-05-01T06:30:00,crm_salesforce
CON-21080,Florian,Becker,florian.becker@web.de,+49 175 7620 6236,Nürnberg,Bayern,DE,49.495309,11.127493,m,1989,Neukunde,116.55,1,116.55,Audio & Kopfhörer,Google Ads,ja,2026-04-01,2026-04-07T08:37:00,2026-04-07T08:37:00,2026-05-01T06:30:00,crm_salesforce
CON-21090,Alexander,Fischer,alexander.fischer@web.de,+49 155 5813 2599,Münster,NRW,DE,51.997526,7.692153,m,1979,Aktiv,992.74,5,198.55,Audio & Kopfhörer,Email,ja,2026-01-17,2024-11-10T20:50:00,2026-01-17T18:16:00,2026-05-01T06:30:00,crm_salesforce
CON-21095,Michael,Braun,michael.braun@outlook.de,+49 165 4187 9199,Münster,NRW,DE,51.969382,7.647268,m,1974,Loyal,2765.6,16,172.85,Audio & Kopfhörer,Meta Ads,nein,2025-12-27,2023-05-21T13:21:00,2025-12-27T21:09:00,2026-05-01T06:30:00,crm_salesforce
CON-21103,Lisa,Hofmann,lisa.hofmann@web.de,+49 164 5481 4430,Dresden,Sachsen,DE,51.030229,13.661291,w,1973,At Risk,434.88,4,108.72,Gaming,Organic Search,nein,2025-09-18,2024-09-21T20:40:00,2025-09-18T19:27:00,2026-05-01T06:30:00,crm_salesforce
CON-21107,Markus,Weber,markus.weber@gmx.de,+49 174 9700 4122,Hannover,Niedersachsen,DE,52.424556,9.801419,m,1973,VIP,3522.68,27,130.47,Laptops & Tablets,Email,ja,2026-03-29,2022-07-30T19:32:00,2026-03-29T16:10:00,2026-05-01T06:30:00,crm_salesforce
CON-21114,Marie,Becker,marie.becker@outlook.de,+49 171 3192 6615,Nürnberg,Bayern,DE,49.454707,11.065669,w,1990,Churned,285.88,2,142.94,Laptops & Tablets,Direct,nein,2025-07-04,2021-02-09T14:14:00,2025-07-04T13:46:00,2026-05-01T06:30:00,crm_salesforce
CON-21121,Sandra,Fischer,sandra.fischer@gmail.com,+43 684 1796 1785,Wien,Wien,AT,48.248907,16.334184,w,1989,Neukunde,108.43,1,108.43,Smartphones,Email,ja,2026-03-31,2025-11-01T15:30:00,2025-11-01T15:30:00,2026-05-01T06:30:00,crm_salesforce
CON-21129,Klaus,Braun,klaus.braun@outlook.de,+49 176 2718 9381,Frankfurt,Hessen,DE,50.12232,8.620935,m,1981,Neukunde,44.13,1,44.13,Smartphones,Meta Ads,ja,2026-04-01,2026-02-11T13:22:00,2026-02-11T13:22:00,2026-05-01T06:30:00,crm_salesforce
CON-21136,Sabine,Schäfer,sabine.schäfer@bluewin.ch,+41 76 213 83 95,Lausanne,Waadt,CH,46.490998,6.555748,w,1994,Aktiv,1159.56,4,289.89,Smartphones,Direct,ja,2025-08-26,2024-10-30T15:29:00,2025-08-26T10:52:00,2026-05-01T06:30:00,crm_salesforce
CON-21142,Sarah,Becker,sarah.becker@gmx.de,+49 177 1751 1158,Dresden,Sachsen,DE,51.042399,13.671246,w,2004,At Risk,830.68,4,207.67,Audio & Kopfhörer,Meta Ads,ja,2025-12-26,2023-10-02T09:23:00,2025-12-26T17:11:00,2026-05-01T06:30:00,crm_salesforce
CON-21151,Klaus,Schmidt,klaus.schmidt@t-online.de,+49 175 3732 2852,Düsseldorf,NRW,DE,51.254122,6.801893,m,2001,Loyal,2870.75,10,287.07,Smartphones,Meta Ads,ja,2026-04-09,2024-11-25T21:11:00,2026-04-09T19:49:00,2026-05-01T06:30:00,crm_salesforce
CON-21159,Sarah,Zimmermann,sarah.zimmermann@gmail.com,+49 152 5286 6148,Leipzig,Sachsen,DE,51.381602,12.362836,w,1986,VIP,8275.83,36,229.88,Smart Home & Wearables,Organic Search,ja,2025-10-06,2024-11-29T10:27:00,2025-10-06T22:22:00,2026-05-01T06:30:00,crm_salesforce
CON-21166,Sarah,Bauer,sarah.bauer@gmail.com,+41 79 972 73 31,Winterthur,Zürich,CH,47.447205,8.819508,w,1979,VIP,6204.06,27,229.78,Audio & Kopfhörer,Direct,ja,2025-09-29,2025-02-01T19:25:00,2025-09-29T09:29:00,2026-05-01T06:30:00,crm_salesforce
CON-21171,Jonas,Schäfer,jonas.schäfer@t-online.de,+49 162 7755 1587,München,Bayern,DE,48.161612,11.503884,m,1997,Aktiv,400.14,4,100.03,Smart Home & Wearables,Direct,ja,2026-02-03,2024-07-30T21:21:00,2026-02-03T08:52:00,2026-05-01T06:30:00,crm_salesforce
CON-21178,Thomas,Bauer,thomas.bauer@gmail.com,+43 678 2868 2596,Innsbruck,Tirol,AT,47.292622,11.38232,m,1983,Neukunde,56.61,1,56.61,Audio & Kopfhörer,Organic Search,nein,2026-01-14,2026-02-18T18:44:00,2026-02-18T18:44:00,2026-05-01T06:30:00,crm_salesforce
CON-21188,Tobias,Müller,tobias.müller@web.de,+49 162 4532 8488,Bremen,Bremen,DE,53.045521,8.879125,m,2005,At Risk,452.46,5,90.49,Smartphones,Organic Search,ja,2025-09-24,2025-05-07T10:49:00,2025-09-24T21:42:00,2026-05-01T06:30:00,crm_salesforce
CON-21194,Lena,Schneider,lena.schneider@outlook.de,+49 165 9328 3903,Berlin,Brandenburg,DE,52.56706,13.465197,w,1985,Neukunde,50.84,1,50.84,Smartphones,Meta Ads,ja,2026-03-19,2026-02-07T19:26:00,2026-02-07T19:26:00,2026-05-01T06:30:00,crm_salesforce
CON-21199,Florian,Schmidt,florian.schmidt@gmail.com,+43 682 5897 9975,Graz,Steiermark,AT,47.081784,15.500838,m,1983,At Risk,869.5,7,124.21,Laptops & Tablets,Google Ads,ja,2025-11-20,2024-12-04T18:58:00,2025-11-20T11:45:00,2026-05-01T06:30:00,crm_salesforce
CON-21207,Lukas,Braun,lukas.braun@gmail.com,+43 695 7839 9747,Innsbruck,Tirol,AT,47.278152,11.474627,m,1968,Aktiv,1077.84,3,359.28,Smart Home & Wearables,Google Ads,ja,2025-10-22,2024-02-27T13:17:00,2025-10-22T16:43:00,2026-05-01T06:30:00,crm_salesforce
CON-21214,Sarah,Weber,sarah.weber@gmx.at,+43 678 2679 4675,Linz,OÖ,AT,48.334316,14.209784,w,1983,Neukunde,97.35,1,97.35,Smart Home & Wearables,Organic Search,nein,2026-02-18,2026-03-27T08:59:00,2026-03-27T08:59:00,2026-05-01T06:30:00,crm_salesforce
CON-21219,Laura,Wolf,laura.wolf@t-online.de,+49 172 7025 9955,Münster,NRW,DE,51.996374,7.698292,w,1969,Neukunde,53.58,1,53.58,Audio & Kopfhörer,Meta Ads,nein,2026-03-07,2025-11-17T12:47:00,2025-11-17T12:47:00,2026-05-01T06:30:00,crm_salesforce
CON-21230,Florian,Bauer,florian.bauer@outlook.de,+49 164 3536 1654,Hamburg,Hamburg,DE,53.612707,9.925292,m,2001,Loyal,1942.05,8,242.76,Smart Home & Wearables,Organic Search,ja,2025-11-10,2024-07-17T18:04:00,2025-11-10T14:11:00,2026-05-01T06:30:00,crm_salesforce
CON-21235,Lisa,Koch,lisa.koch@outlook.de,+49 178 4495 6437,Nürnberg,Bayern,DE,49.441659,11.051656,w,1965,Aktiv,634.86,10,63.49,Smart Home & Wearables,Organic Search,nein,2025-12-02,2024-04-27T18:28:00,2025-12-02T14:02:00,2026-05-01T06:30:00,crm_salesforce
CON-21240,Alexander,Braun,alexander.braun@gmx.de,+49 174 7143 9426,Nürnberg,Bayern,DE,49.400717,11.079505,m,1997,At Risk,656.45,3,218.82,Audio & Kopfhörer,Direct,ja,2025-12-15,2023-03-26T10:10:00,2025-12-15T07:40:00,2026-05-01T06:30:00,crm_salesforce
CON-21249,Hannah,Krüger,hannah.krüger@gmx.at,+43 697 8130 2181,Salzburg,Salzburg,AT,47.777671,13.107919,w,1976,Neukunde,48.45,1,48.45,Audio & Kopfhörer,Google Ads,ja,2026-01-10,2026-04-22T15:35:00,2026-04-22T15:35:00,2026-05-01T06:30:00,crm_salesforce
CON-21257,Klaus,Schmidt,klaus.schmidt@gmx.de,+49 167 1096 2036,Düsseldorf,NRW,DE,51.169472,6.806113,m,1984,Neukunde,100.27,1,100.27,Audio & Kopfhörer,Direct,ja,2026-04-08,2026-03-05T09:18:00,2026-03-05T09:18:00,2026-05-01T06:30:00,crm_salesforce
CON-21265,Lena,Richter,lena.richter@t-online.de,+49 159 3360 5883,Hamburg,Hamburg,DE,53.607383,10.078928,w,1972,Neukunde,139.7,1,139.7,Smartphones,Email,ja,2026-03-18,2025-10-11T07:36:00,2025-10-11T07:36:00,2026-05-01T06:30:00,crm_salesforce
CON-21272,Marie,Krüger,marie.krüger@gmx.at,+43 682 3333 3637,Linz,OÖ,AT,48.297457,14.309519,w,2001,Loyal,2618.84,12,218.24,Laptops & Tablets,Google Ads,ja,2026-03-09,2025-05-22T08:54:00,2026-03-09T21:41:00,2026-05-01T06:30:00,crm_salesforce
CON-21275,Marie,Hofmann,marie.hofmann@outlook.de,+49 154 4842 2639,Köln,NRW,DE,50.931915,6.920984,w,1984,Aktiv,455.85,6,75.98,Audio & Kopfhörer,Meta Ads,ja,2026-01-09,2024-06-05T18:51:00,2026-01-09T20:10:00,2026-05-01T06:30:00,crm_salesforce
CON-21282,Stefan,Huber,stefan.huber@gmail.com,+43 696 6432 8863,Salzburg,Salzburg,AT,47.846269,12.996134,m,2003,Aktiv,686.99,7,98.14,Gaming,Email,ja,2025-10-11,2024-03-24T15:54:00,2025-10-11T13:16:00,2026-05-01T06:30:00,crm_salesforce
CON-21291,Melanie,Schneider,melanie.schneider@aon.at,+43 663 1600 5269,Wien,Wien,AT,48.21673,16.41747,w,2002,Aktiv,1198.98,10,119.9,Laptops & Tablets,Meta Ads,ja,2026-04-14,2024-10-24T11:29:00,2026-04-14T09:25:00,2026-05-01T06:30:00,crm_salesforce
CON-21297,Hannah,Huber,hannah.huber@aon.at,+43 678 3608 3935,Innsbruck,Tirol,AT,47.233075,11.406352,w,1996,Neukunde,97.9,1,97.9,Gaming,Direct,ja,2026-02-17,2025-11-29T09:16:00,2025-11-29T09:16:00,2026-05-01T06:30:00,crm_salesforce
CON-21305,Klaus,Schäfer,klaus.schäfer@gmail.com,+41 78 954 43 84,Zürich,Zürich,CH,47.428856,8.513614,m,1969,Aktiv,539.08,9,59.9,Audio & Kopfhörer,Email,nein,2025-11-23,2024-09-14T19:58:00,2025-11-23T19:22:00,2026-05-01T06:30:00,crm_salesforce
CON-21313,Felix,Schäfer,felix.schäfer@outlook.com,+41 77 178 75 92,Zürich,Zürich,CH,47.418201,8.532105,m,1979,Aktiv,520.19,5,104.04,Audio & Kopfhörer,Email,nein,2025-09-28,2025-02-28T17:46:00,2025-09-28T22:43:00,2026-05-01T06:30:00,crm_salesforce
CON-21318,Stefan,Hoffmann,stefan.hoffmann@t-online.de,+49 168 3639 3207,Münster,NRW,DE,51.909073,7.545948,m,1998,Neukunde,34.7,1,34.7,Smartphones,Google Ads,nein,2026-04-03,2026-01-12T07:56:00,2026-01-12T07:56:00,2026-05-01T06:30:00,crm_salesforce
CON-21328,Martin,Schäfer,martin.schäfer@gmx.at,+43 687 3979 9369,Graz,Steiermark,AT,47.106415,15.455506,m,1989,Aktiv,979.35,8,122.42,Gaming,Email,ja,2025-08-09,2025-01-29T11:06:00,2025-08-09T13:33:00,2026-05-01T06:30:00,crm_salesforce
CON-21335,Sebastian,Zimmermann,sebastian.zimmermann@t-online.de,+49 178 9706 9246,Hamburg,Hamburg,DE,53.618717,10.033473,m,1992,Neukunde,41.18,1,41.18,Smart Home & Wearables,Email,ja,2026-04-22,2026-02-11T20:23:00,2026-02-11T20:23:00,2026-05-01T06:30:00,crm_salesforce
CON-21338,Stefan,Schäfer,stefan.schäfer@gmail.com,+43 698 2600 7971,Salzburg,Salzburg,AT,47.819127,13.093858,m,1991,Loyal,2297.42,11,208.86,Smartphones,Meta Ads,nein,2025-06-04,2023-09-21T13:00:00,2025-06-04T10:33:00,2026-05-01T06:30:00,crm_salesforce
CON-21347,Jan,Krüger,jan.krüger@gmail.com,+43 691 5155 5281,Linz,OÖ,AT,48.29201,14.22969,m,1978,At Risk,638.85,5,127.77,Smart Home & Wearables,Google Ads,ja,2025-09-03,2024-02-28T22:11:00,2025-09-03T22:16:00,2026-05-01T06:30:00,crm_salesforce
CON-21354,Felix,Hartmann,felix.hartmann@aon.at,+43 660 2642 4513,Wien,Wien,AT,48.178986,16.419726,m,1970,Aktiv,1028.86,3,342.95,Laptops & Tablets,Meta Ads,ja,2026-03-11,2024-05-28T22:59:00,2026-03-11T09:04:00,2026-05-01T06:30:00,crm_salesforce
CON-21360,Julia,Hofmann,julia.hofmann@t-online.de,+49 170 9536 5693,Hannover,Niedersachsen,DE,52.422461,9.714405,w,1998,Neukunde,101.7,1,101.7,Gaming,Meta Ads,ja,2026-04-11,2025-12-13T13:02:00,2025-12-13T13:02:00,2026-05-01T06:30:00,crm_salesforce
CON-21370,Julia,Huber,julia.huber@gmail.com,+49 161 7474 7642,Hamburg,Hamburg,DE,53.62901,10.066221,w,2000,Neukunde,92.13,1,92.13,Smartphones,Email,nein,2026-04-15,2026-02-27T18:22:00,2026-02-27T18:22:00,2026-05-01T06:30:00,crm_salesforce
CON-21376,Lena,Hartmann,lena.hartmann@web.de,+49 152 9243 5821,Frankfurt,Hessen,DE,50.100861,8.61576,w,1993,Aktiv,493.61,7,70.52,Smart Home & Wearables,Organic Search,ja,2025-12-03,2025-01-21T22:49:00,2025-12-03T17:49:00,2026-05-01T06:30:00,crm_salesforce
CON-21384,Alexander,Hoffmann,alexander.hoffmann@gmx.at,+43 664 4767 6172,Salzburg,Salzburg,AT,47.783318,13.036114,m,1986,Aktiv,682.48,3,227.49,Audio & Kopfhörer,Google Ads,ja,2026-01-08,2024-03-18T12:30:00,2026-01-08T18:13:00,2026-05-01T06:30:00,crm_salesforce
CON-21390,Tobias,Krüger,tobias.krüger@web.de,+49 156 4755 4322,Köln,NRW,DE,50.958752,7.01394,m,1970,At Risk,969.07,5,193.81,Laptops & Tablets,Organic Search,ja,2025-06-02,2024-11-23T22:39:00,2025-06-02T08:54:00,2026-05-01T06:30:00,crm_salesforce
CON-21398,Martin,Mayer,martin.mayer@outlook.de,+49 174 9374 5591,Mannheim,BW,DE,49.527367,8.46447,m,1999,Aktiv,1000.14,5,200.03,Smartphones,Meta Ads,ja,2025-10-29,2024-02-03T18:25:00,2025-10-29T21:07:00,2026-05-01T06:30:00,crm_salesforce
